Name,Rarity,Card_ID,Set_ID,Set_Name,Chinese_Tier,Chinese_Wave,Licensed_Manufacturer,Region
Sasuke Uchiha,SE,NRSA01-SE-001L5,NRSA01,Smriti Heaven Scroll English Series 1,Tier 4,Wave 6,KAYOU,US
Naruto Uzumaki,SE,NRSA01-SE-002L5,NRSA01,Smriti Heaven Scroll English Series 1,Tier 4,Wave 6,KAYOU,US
Zabuza Momochi,SE,NRSA01-SE-003L5,NRSA01,Smriti Heaven Scroll English Series 1,Tier 4,Wave 6,KAYOU,US
Haku,SE,NRSA01-SE-004L5,NRSA01,Smriti Heaven Scroll English Series 1,Tier 4,Wave 6,KAYOU,US
Yashamaru,SE,NRSA02-SE-001L5,NRSA02,Smriti Chapter Jin English Series 2,Tier 4,Wave 7,KAYOU,US
Gaara,SE,NRSA02-SE-002L5,NRSA02,Smriti Chapter Jin English Series 2,Tier 4,Wave 7,KAYOU,US
Might Guy,SE,NRSA02-SE-003L5,NRSA02,Smriti Chapter Jin English Series 2,Tier 4,Wave 7,KAYOU,US
Rock Lee,SE,NRSA02-SE-004L5,NRSA02,Smriti Chapter Jin English Series 2,Tier 4,Wave 7,KAYOU,US
Naruto Uzumaki,SP,NRSA01-SP-001L5,NRSA01,Smriti Heaven Scroll English Series 1,Tier 4,Wave 6,KAYOU,US
Sasuke Uchiha,SP,NRSA01-SP-002L5,NRSA01,Smriti Heaven Scroll English Series 1,Tier 4,Wave 6,KAYOU,US
Sakura Haruno,SP,NRSA01-SP-003L5,NRSA01,Smriti Heaven Scroll English Series 1,Tier 4,Wave 6,KAYOU,US
Kakashi Hatake,SP,NRSA01-SP-004L5,NRSA01,Smriti Heaven Scroll English Series 1,Tier 4,Wave 6,KAYOU,US
Hinata Hyuga,SP,NRSA02-SP-001L5,NRSA02,Smriti Chapter Jin English Series 2,Tier 4,Wave 7,KAYOU,US
Neji Hyuga,SP,NRSA02-SP-002L5,NRSA02,Smriti Chapter Jin English Series 2,Tier 4,Wave 7,KAYOU,US
Gaara,SP,NRSA02-SP-003L5,NRSA02,Smriti Chapter Jin English Series 2,Tier 4,Wave 7,KAYOU,US
Rock Lee,SP,NRSA02-SP-004L5,NRSA02,Smriti Chapter Jin English Series 2,Tier 4,Wave 7,KAYOU,US
Naruto Uzumaki,BP,NRSA01-BP-001L4,NRSA01,Smriti Heaven Scroll English Series 1,Tier 4,Wave 6,KAYOU,US
Sasuke Uchiha,BP,NRSA01-BP-002L4,NRSA01,Smriti Heaven Scroll English Series 1,Tier 4,Wave 6,KAYOU,US
Sakura Haruno,BP,NRSA01-BP-003L4,NRSA01,Smriti Heaven Scroll English Series 1,Tier 4,Wave 6,KAYOU,US
Kakashi Hatake,BP,NRSA01-BP-004L4,NRSA01,Smriti Heaven Scroll English Series 1,Tier 4,Wave 6,KAYOU,US
Hiruzen Sarutobi,BP,NRSA01-BP-005L4,NRSA01,Smriti Heaven Scroll English Series 1,Tier 4,Wave 6,KAYOU,US
Konohamaru Sarutobi,BP,NRSA01-BP-006L4,NRSA01,Smriti Heaven Scroll English Series 1,Tier 4,Wave 6,KAYOU,US
Haku,BP,NRSA01-BP-007L4,NRSA01,Smriti Heaven Scroll English Series 1,Tier 4,Wave 6,KAYOU,US
Hinata Hyuga,BP,NRSA02-BP-001L4,NRSA02,Smriti Chapter Jin English Series 2,Tier 4,Wave 7,KAYOU,US
Orochimaru,BP,NRSA02-BP-002L4,NRSA02,Smriti Chapter Jin English Series 2,Tier 4,Wave 7,KAYOU,US
Choji Akimichi,BP,NRSA02-BP-003L4,NRSA02,Smriti Chapter Jin English Series 2,Tier 4,Wave 7,KAYOU,US
Shikamaru Nara,BP,NRSA02-BP-004L4,NRSA02,Smriti Chapter Jin English Series 2,Tier 4,Wave 7,KAYOU,US
Neji Hyuga,BP,NRSA02-BP-005L4,NRSA02,Smriti Chapter Jin English Series 2,Tier 4,Wave 7,KAYOU,US
Kiba Inuzuka,BP,NRSA02-BP-006L4,NRSA02,Smriti Chapter Jin English Series 2,Tier 4,Wave 7,KAYOU,US
Rock Lee,BP,NRSA02-BP-007L4,NRSA02,Smriti Chapter Jin English Series 2,Tier 4,Wave 7,KAYOU,US
Gaara,AR,NRSA02-AR-001L4,NRSA02,Smriti Chapter Jin English Series 2,Tier 4,Wave 7,KAYOU,US
Rock Lee,AR,NRSA02-AR-002L4,NRSA02,Smriti Chapter Jin English Series 2,Tier 4,Wave 7,KAYOU,US
Naruto Uzumaki,AR,NRSA02-AR-003L4,NRSA02,Smriti Chapter Jin English Series 2,Tier 4,Wave 7,KAYOU,US
Neji Hyuga,AR,NRSA02-AR-004L4,NRSA02,Smriti Chapter Jin English Series 2,Tier 4,Wave 7,KAYOU,US
Shikamaru Nara,AR,NRSA02-AR-005L4,NRSA02,Smriti Chapter Jin English Series 2,Tier 4,Wave 7,KAYOU,US
Temari,AR,NRSA02-AR-006L4,NRSA02,Smriti Chapter Jin English Series 2,Tier 4,Wave 7,KAYOU,US
Gaara,AR,NRSA02-AR-007L4,NRSA02,Smriti Chapter Jin English Series 2,Tier 4,Wave 7,KAYOU,US
Sasuke Uchiha,AR,NRSA02-AR-008L4,NRSA02,Smriti Chapter Jin English Series 2,Tier 4,Wave 7,KAYOU,US
Naruto Uzumaki,AR,NRSA02-AR-009L4,NRSA02,Smriti Chapter Jin English Series 2,Tier 4,Wave 7,KAYOU,US
Sasuke Uchiha,AR,NRSA02-AR-010L4,NRSA02,Smriti Chapter Jin English Series 2,Tier 4,Wave 7,KAYOU,US
Naruto Uzumaki,MR,NRSA01-MR-001,NRSA01,Smriti Heaven Scroll English Series 1,Tier 4,Wave 6,KAYOU,US
Sasuke Uchiha,MR,NRSA01-MR-002,NRSA01,Smriti Heaven Scroll English Series 1,Tier 4,Wave 6,KAYOU,US
Sakura Haruno,MR,NRSA01-MR-003,NRSA01,Smriti Heaven Scroll English Series 1,Tier 4,Wave 6,KAYOU,US
Kakashi Hatake,MR,NRSA01-MR-004,NRSA01,Smriti Heaven Scroll English Series 1,Tier 4,Wave 6,KAYOU,US
Zabuza Momochi,MR,NRSA01-MR-005,NRSA01,Smriti Heaven Scroll English Series 1,Tier 4,Wave 6,KAYOU,US
Haku,MR,NRSA01-MR-006,NRSA01,Smriti Heaven Scroll English Series 1,Tier 4,Wave 6,KAYOU,US
Naruto Uzumaki,MR,NRSA02-MR-001,NRSA02,Smriti Chapter Jin English Series 2,Tier 4,Wave 7,KAYOU,US
Sasuke Uchiha,MR,NRSA02-MR-002,NRSA02,Smriti Chapter Jin English Series 2,Tier 4,Wave 7,KAYOU,US
Gaara,MR,NRSA02-MR-003,NRSA02,Smriti Chapter Jin English Series 2,Tier 4,Wave 7,KAYOU,US
Shikamaru Nara,MR,NRSA02-MR-004,NRSA02,Smriti Chapter Jin English Series 2,Tier 4,Wave 7,KAYOU,US
Neji Hyuga,MR,NRSA02-MR-005,NRSA02,Smriti Chapter Jin English Series 2,Tier 4,Wave 7,KAYOU,US
Hiruzen Sarutobi,MR,NRSA02-MR-006,NRSA02,Smriti Chapter Jin English Series 2,Tier 4,Wave 7,KAYOU,US
Orochimaru,MR,NRSA02-MR-007,NRSA02,Smriti Chapter Jin English Series 2,Tier 4,Wave 7,KAYOU,US
Sasuke Uchiha,PU,NRSA01-PU-001L4,NRSA01,Smriti Heaven Scroll English Series 1,Tier 4,Wave 6,KAYOU,US
Sakura Haruno,PU,NRSA01-PU-002L4,NRSA01,Smriti Heaven Scroll English Series 1,Tier 4,Wave 6,KAYOU,US
Naruto Uzumaki,PU,NRSA01-PU-003L4,NRSA01,Smriti Heaven Scroll English Series 1,Tier 4,Wave 6,KAYOU,US
Kakashi Hatake,PU,NRSA01-PU-004L4,NRSA01,Smriti Heaven Scroll English Series 1,Tier 4,Wave 6,KAYOU,US
Sasuke Uchiha,PU,NRSA01-PU-005L4,NRSA01,Smriti Heaven Scroll English Series 1,Tier 4,Wave 6,KAYOU,US
Naruto Uzumaki,PU,NRSA01-PU-006L4,NRSA01,Smriti Heaven Scroll English Series 1,Tier 4,Wave 6,KAYOU,US
Zabuza Momochi,PU,NRSA01-PU-007L4,NRSA01,Smriti Heaven Scroll English Series 1,Tier 4,Wave 6,KAYOU,US
Haku,PU,NRSA01-PU-008L4,NRSA01,Smriti Heaven Scroll English Series 1,Tier 4,Wave 6,KAYOU,US
Kabuto Yakushi,PU,NRSA02-PU-001L4,NRSA02,Smriti Chapter Jin English Series 2,Tier 4,Wave 7,KAYOU,US
Orochimaru,PU,NRSA02-PU-002L4,NRSA02,Smriti Chapter Jin English Series 2,Tier 4,Wave 7,KAYOU,US
Naruto Uzumaki,PU,NRSA02-PU-003L4,NRSA02,Smriti Chapter Jin English Series 2,Tier 4,Wave 7,KAYOU,US
Jiraiya,PU,NRSA02-PU-004L4,NRSA02,Smriti Chapter Jin English Series 2,Tier 4,Wave 7,KAYOU,US
Tenten,PU,NRSA02-PU-005L4,NRSA02,Smriti Chapter Jin English Series 2,Tier 4,Wave 7,KAYOU,US
Might Guy,PU,NRSA02-PU-006L4,NRSA02,Smriti Chapter Jin English Series 2,Tier 4,Wave 7,KAYOU,US
Rock Lee,PU,NRSA02-PU-007L4,NRSA02,Smriti Chapter Jin English Series 2,Tier 4,Wave 7,KAYOU,US
Neji Hyuga,PU,NRSA02-PU-008L4,NRSA02,Smriti Chapter Jin English Series 2,Tier 4,Wave 7,KAYOU,US
PTR-001,PTR,NRSA01-PTR-001L3,NRSA01,Smriti Heaven Scroll English Series 1,Tier 4,Wave 6,KAYOU,US
PTR-002,PTR,NRSA01-PTR-002L3,NRSA01,Smriti Heaven Scroll English Series 1,Tier 4,Wave 6,KAYOU,US
PTR-003,PTR,NRSA01-PTR-003L3,NRSA01,Smriti Heaven Scroll English Series 1,Tier 4,Wave 6,KAYOU,US
PTR-004,PTR,NRSA01-PTR-004L3,NRSA01,Smriti Heaven Scroll English Series 1,Tier 4,Wave 6,KAYOU,US
PTR-005,PTR,NRSA01-PTR-005L3,NRSA01,Smriti Heaven Scroll English Series 1,Tier 4,Wave 6,KAYOU,US
PTR-006,PTR,NRSA01-PTR-006L3,NRSA01,Smriti Heaven Scroll English Series 1,Tier 4,Wave 6,KAYOU,US
PTR-007,PTR,NRSA01-PTR-007L3,NRSA01,Smriti Heaven Scroll English Series 1,Tier 4,Wave 6,KAYOU,US
PTR-008,PTR,NRSA01-PTR-008L3,NRSA01,Smriti Heaven Scroll English Series 1,Tier 4,Wave 6,KAYOU,US
PTR-009,PTR,NRSA01-PTR-009L3,NRSA01,Smriti Heaven Scroll English Series 1,Tier 4,Wave 6,KAYOU,US
PTR-010,PTR,NRSA01-PTR-010L3,NRSA01,Smriti Heaven Scroll English Series 1,Tier 4,Wave 6,KAYOU,US
PTR-011,PTR,NRSA01-PTR-011L3,NRSA01,Smriti Heaven Scroll English Series 1,Tier 4,Wave 6,KAYOU,US
PTR-012,PTR,NRSA01-PTR-012L3,NRSA01,Smriti Heaven Scroll English Series 1,Tier 4,Wave 6,KAYOU,US
PTR-013,PTR,NRSA01-PTR-013L3,NRSA01,Smriti Heaven Scroll English Series 1,Tier 4,Wave 6,KAYOU,US
PTR-014,PTR,NRSA01-PTR-014L3,NRSA01,Smriti Heaven Scroll English Series 1,Tier 4,Wave 6,KAYOU,US
PTR-015,PTR,NRSA01-PTR-015L3,NRSA01,Smriti Heaven Scroll English Series 1,Tier 4,Wave 6,KAYOU,US
PTR-016,PTR,NRSA01-PTR-016L3,NRSA01,Smriti Heaven Scroll English Series 1,Tier 4,Wave 6,KAYOU,US
PTR-017,PTR,NRSA01-PTR-017L3,NRSA01,Smriti Heaven Scroll English Series 1,Tier 4,Wave 6,KAYOU,US
PTR-018,PTR,NRSA01-PTR-018L3,NRSA01,Smriti Heaven Scroll English Series 1,Tier 4,Wave 6,KAYOU,US
PTR-019,PTR,NRSA01-PTR-019L3,NRSA01,Smriti Heaven Scroll English Series 1,Tier 4,Wave 6,KAYOU,US
PTR-020,PTR,NRSA01-PTR-020L3,NRSA01,Smriti Heaven Scroll English Series 1,Tier 4,Wave 6,KAYOU,US
NRSA02-PTR-001,PTR,NRSA02-PTR-001L3,NRSA02,Smriti Chapter Jin English Series 2,Tier 4,Wave 7,KAYOU,US
NRSA02-PTR-002,PTR,NRSA02-PTR-002L3,NRSA02,Smriti Chapter Jin English Series 2,Tier 4,Wave 7,KAYOU,US
NRSA02-PTR-003,PTR,NRSA02-PTR-003L3,NRSA02,Smriti Chapter Jin English Series 2,Tier 4,Wave 7,KAYOU,US
NRSA02-PTR-004,PTR,NRSA02-PTR-004L3,NRSA02,Smriti Chapter Jin English Series 2,Tier 4,Wave 7,KAYOU,US
NRSA02-PTR-005,PTR,NRSA02-PTR-005L3,NRSA02,Smriti Chapter Jin English Series 2,Tier 4,Wave 7,KAYOU,US
NRSA02-PTR-006,PTR,NRSA02-PTR-006L3,NRSA02,Smriti Chapter Jin English Series 2,Tier 4,Wave 7,KAYOU,US
NRSA02-PTR-007,PTR,NRSA02-PTR-007L3,NRSA02,Smriti Chapter Jin English Series 2,Tier 4,Wave 7,KAYOU,US
NRSA02-PTR-008,PTR,NRSA02-PTR-008L3,NRSA02,Smriti Chapter Jin English Series 2,Tier 4,Wave 7,KAYOU,US
NRSA02-PTR-009,PTR,NRSA02-PTR-009L3,NRSA02,Smriti Chapter Jin English Series 2,Tier 4,Wave 7,KAYOU,US
NRSA02-PTR-010,PTR,NRSA02-PTR-010L3,NRSA02,Smriti Chapter Jin English Series 2,Tier 4,Wave 7,KAYOU,US
NRSA02-PTR-011,PTR,NRSA02-PTR-011L3,NRSA02,Smriti Chapter Jin English Series 2,Tier 4,Wave 7,KAYOU,US
NRSA02-PTR-012,PTR,NRSA02-PTR-012L3,NRSA02,Smriti Chapter Jin English Series 2,Tier 4,Wave 7,KAYOU,US
NRSA02-PTR-013,PTR,NRSA02-PTR-013L3,NRSA02,Smriti Chapter Jin English Series 2,Tier 4,Wave 7,KAYOU,US
NRSA02-PTR-014,PTR,NRSA02-PTR-014L3,NRSA02,Smriti Chapter Jin English Series 2,Tier 4,Wave 7,KAYOU,US
NRSA02-PTR-015,PTR,NRSA02-PTR-015L3,NRSA02,Smriti Chapter Jin English Series 2,Tier 4,Wave 7,KAYOU,US
NRSA02-PTR-016,PTR,NRSA02-PTR-016L3,NRSA02,Smriti Chapter Jin English Series 2,Tier 4,Wave 7,KAYOU,US
NRSA02-PTR-017,PTR,NRSA02-PTR-017L3,NRSA02,Smriti Chapter Jin English Series 2,Tier 4,Wave 7,KAYOU,US
NRSA02-PTR-018,PTR,NRSA02-PTR-018L3,NRSA02,Smriti Chapter Jin English Series 2,Tier 4,Wave 7,KAYOU,US
NRSA02-PTR-019,PTR,NRSA02-PTR-019L3,NRSA02,Smriti Chapter Jin English Series 2,Tier 4,Wave 7,KAYOU,US
NRSA02-PTR-020,PTR,NRSA02-PTR-020L3,NRSA02,Smriti Chapter Jin English Series 2,Tier 4,Wave 7,KAYOU,US
Naruto Uzumaki,UR,NRSA01-UR-001L3,NRSA01,Smriti Heaven Scroll English Series 1,Tier 4,Wave 6,KAYOU,US
Sasuke Uchiha,UR,NRSA01-UR-002L3,NRSA01,Smriti Heaven Scroll English Series 1,Tier 4,Wave 6,KAYOU,US
Sakura Haruno,UR,NRSA01-UR-003L3,NRSA01,Smriti Heaven Scroll English Series 1,Tier 4,Wave 6,KAYOU,US
Kakashi Hatake,UR,NRSA01-UR-004L3,NRSA01,Smriti Heaven Scroll English Series 1,Tier 4,Wave 6,KAYOU,US
Zabuza Momochi,UR,NRSA01-UR-005L3,NRSA01,Smriti Heaven Scroll English Series 1,Tier 4,Wave 6,KAYOU,US
Haku,UR,NRSA01-UR-006L3,NRSA01,Smriti Heaven Scroll English Series 1,Tier 4,Wave 6,KAYOU,US
Iruka Umino,UR,NRSA01-UR-007L3,NRSA01,Smriti Heaven Scroll English Series 1,Tier 4,Wave 6,KAYOU,US
Shikamaru Nara,UR,NRSA01-UR-008L3,NRSA01,Smriti Heaven Scroll English Series 1,Tier 4,Wave 6,KAYOU,US
Choji Akimichi,UR,NRSA01-UR-009L3,NRSA01,Smriti Heaven Scroll English Series 1,Tier 4,Wave 6,KAYOU,US
Ino Yamanaka,UR,NRSA01-UR-010L3,NRSA01,Smriti Heaven Scroll English Series 1,Tier 4,Wave 6,KAYOU,US
Neji Hyuga,UR,NRSA01-UR-011L3,NRSA01,Smriti Heaven Scroll English Series 1,Tier 4,Wave 6,KAYOU,US
Rock Lee,UR,NRSA01-UR-012L3,NRSA01,Smriti Heaven Scroll English Series 1,Tier 4,Wave 6,KAYOU,US
Tenten,UR,NRSA01-UR-013L3,NRSA01,Smriti Heaven Scroll English Series 1,Tier 4,Wave 6,KAYOU,US
Hinata Hygua,UR,NRSA01-UR-014L3,NRSA01,Smriti Heaven Scroll English Series 1,Tier 4,Wave 6,KAYOU,US
Kiba Inuzuka,UR,NRSA01-UR-015L3,NRSA01,Smriti Heaven Scroll English Series 1,Tier 4,Wave 6,KAYOU,US
Orochimaru,UR,NRSA02-UR-001L3,NRSA02,Smriti Chapter Jin English Series 2,Tier 4,Wave 7,KAYOU,US
Shikamaru Nara,UR,NRSA02-UR-002L3,NRSA02,Smriti Chapter Jin English Series 2,Tier 4,Wave 7,KAYOU,US
Kabuto Yakushi,UR,NRSA02-UR-003L3,NRSA02,Smriti Chapter Jin English Series 2,Tier 4,Wave 7,KAYOU,US
Anko Mitarashi,UR,NRSA02-UR-004L3,NRSA02,Smriti Chapter Jin English Series 2,Tier 4,Wave 7,KAYOU,US
Might Guy,UR,NRSA02-UR-005L3,NRSA02,Smriti Chapter Jin English Series 2,Tier 4,Wave 7,KAYOU,US
Naruto Uzumaki,UR,NRSA02-UR-006L3,NRSA02,Smriti Chapter Jin English Series 2,Tier 4,Wave 7,KAYOU,US
Neji Hyuga,UR,NRSA02-UR-007L3,NRSA02,Smriti Chapter Jin English Series 2,Tier 4,Wave 7,KAYOU,US
Kiba Inuzuka,UR,NRSA02-UR-008L3,NRSA02,Smriti Chapter Jin English Series 2,Tier 4,Wave 7,KAYOU,US
Hiruzen Sarutobi,UR,NRSA02-UR-009L3,NRSA02,Smriti Chapter Jin English Series 2,Tier 4,Wave 7,KAYOU,US
Ibiki Morino,UR,NRSA02-UR-010L3,NRSA02,Smriti Chapter Jin English Series 2,Tier 4,Wave 7,KAYOU,US
Temari,UR,NRSA02-UR-011L3,NRSA02,Smriti Chapter Jin English Series 2,Tier 4,Wave 7,KAYOU,US
Gaara,UR,NRSA02-UR-012L3,NRSA02,Smriti Chapter Jin English Series 2,Tier 4,Wave 7,KAYOU,US
Rock Lee,UR,NRSA02-UR-013L3,NRSA02,Smriti Chapter Jin English Series 2,Tier 4,Wave 7,KAYOU,US
Jiraiya,UR,NRSA02-UR-014L3,NRSA02,Smriti Chapter Jin English Series 2,Tier 4,Wave 7,KAYOU,US
Sasuke Uchiha,UR,NRSA02-UR-015L3,NRSA02,Smriti Chapter Jin English Series 2,Tier 4,Wave 7,KAYOU,US
Haku,SSR,NRSA01-SSR-001L3,NRSA01,Smriti Heaven Scroll English Series 1,Tier 4,Wave 6,KAYOU,US
Naruto Uzumaki,SSR,NRSA01-SSR-002L3,NRSA01,Smriti Heaven Scroll English Series 1,Tier 4,Wave 6,KAYOU,US
Sasuke Uchiha,SSR,NRSA01-SSR-003L3,NRSA01,Smriti Heaven Scroll English Series 1,Tier 4,Wave 6,KAYOU,US
Haku,SSR,NRSA01-SSR-004L3,NRSA01,Smriti Heaven Scroll English Series 1,Tier 4,Wave 6,KAYOU,US
Zabuza Momochi,SSR,NRSA01-SSR-005L3,NRSA01,Smriti Heaven Scroll English Series 1,Tier 4,Wave 6,KAYOU,US
Kakashi Hatake,SSR,NRSA01-SSR-006L3,NRSA01,Smriti Heaven Scroll English Series 1,Tier 4,Wave 6,KAYOU,US
Sasuke Uchiha,SSR,NRSA01-SSR-007L3,NRSA01,Smriti Heaven Scroll English Series 1,Tier 4,Wave 6,KAYOU,US
Kakashi Hatake,SSR,NRSA01-SSR-008L3,NRSA01,Smriti Heaven Scroll English Series 1,Tier 4,Wave 6,KAYOU,US
Kakashi Hatake,SSR,NRSA01-SSR-009L3,NRSA01,Smriti Heaven Scroll English Series 1,Tier 4,Wave 6,KAYOU,US
Zabuza Momochi,SSR,NRSA01-SSR-010L3,NRSA01,Smriti Heaven Scroll English Series 1,Tier 4,Wave 6,KAYOU,US
Naruto Uzumaki,SSR,NRSA01-SSR-011L3,NRSA01,Smriti Heaven Scroll English Series 1,Tier 4,Wave 6,KAYOU,US
Sasuke Uchiha,SSR,NRSA01-SSR-012L3,NRSA01,Smriti Heaven Scroll English Series 1,Tier 4,Wave 6,KAYOU,US
Haku,SSR,NRSA01-SSR-013L3,NRSA01,Smriti Heaven Scroll English Series 1,Tier 4,Wave 6,KAYOU,US
Haku,SSR,NRSA01-SSR-014L3,NRSA01,Smriti Heaven Scroll English Series 1,Tier 4,Wave 6,KAYOU,US
Haku,SSR,NRSA01-SSR-015L3,NRSA01,Smriti Heaven Scroll English Series 1,Tier 4,Wave 6,KAYOU,US
Kakashi Hatake,SSR,NRSA01-SSR-016L3,NRSA01,Smriti Heaven Scroll English Series 1,Tier 4,Wave 6,KAYOU,US
Kakashi Hatake,SSR,NRSA01-SSR-017L3,NRSA01,Smriti Heaven Scroll English Series 1,Tier 4,Wave 6,KAYOU,US
Kakashi Hatake,SSR,NRSA01-SSR-018L3,NRSA01,Smriti Heaven Scroll English Series 1,Tier 4,Wave 6,KAYOU,US
Naruto Uzumaki,SSR,NRSA01-SSR-019L3,NRSA01,Smriti Heaven Scroll English Series 1,Tier 4,Wave 6,KAYOU,US
Naruto Uzumaki,SSR,NRSA01-SSR-020L3,NRSA01,Smriti Heaven Scroll English Series 1,Tier 4,Wave 6,KAYOU,US
Naruto Uzumaki,SSR,NRSA01-SSR-021L3,NRSA01,Smriti Heaven Scroll English Series 1,Tier 4,Wave 6,KAYOU,US
Sasuke Uchiha,SSR,NRSA01-SSR-022L3,NRSA01,Smriti Heaven Scroll English Series 1,Tier 4,Wave 6,KAYOU,US
Sasuke Uchiha,SSR,NRSA01-SSR-023L3,NRSA01,Smriti Heaven Scroll English Series 1,Tier 4,Wave 6,KAYOU,US
Zabuza Momochi,SSR,NRSA01-SSR-024L3,NRSA01,Smriti Heaven Scroll English Series 1,Tier 4,Wave 6,KAYOU,US
Hinata Hyuga,SSR,NRSA02-SSR-001L3,NRSA02,Smriti Chapter Jin English Series 2,Tier 4,Wave 7,KAYOU,US
Neji Hyuga,SSR,NRSA02-SSR-002L3,NRSA02,Smriti Chapter Jin English Series 2,Tier 4,Wave 7,KAYOU,US
Gaara,SSR,NRSA02-SSR-003L3,NRSA02,Smriti Chapter Jin English Series 2,Tier 4,Wave 7,KAYOU,US
Rock Lee,SSR,NRSA02-SSR-004L3,NRSA02,Smriti Chapter Jin English Series 2,Tier 4,Wave 7,KAYOU,US
Kiba Inuzuka,SSR,NRSA02-SSR-005L3,NRSA02,Smriti Chapter Jin English Series 2,Tier 4,Wave 7,KAYOU,US
Naruto Uzumaki,SSR,NRSA02-SSR-006L3,NRSA02,Smriti Chapter Jin English Series 2,Tier 4,Wave 7,KAYOU,US
Sakura Haruno,SSR,NRSA02-SSR-007L3,NRSA02,Smriti Chapter Jin English Series 2,Tier 4,Wave 7,KAYOU,US
Ino Yamanaka,SSR,NRSA02-SSR-008L3,NRSA02,Smriti Chapter Jin English Series 2,Tier 4,Wave 7,KAYOU,US
Sasuke Uchiha,SSR,NRSA02-SSR-009L3,NRSA02,Smriti Chapter Jin English Series 2,Tier 4,Wave 7,KAYOU,US
Orochimaru,SSR,NRSA02-SSR-010L3,NRSA02,Smriti Chapter Jin English Series 2,Tier 4,Wave 7,KAYOU,US
Orochimaru,SSR,NRSA02-SSR-011L3,NRSA02,Smriti Chapter Jin English Series 2,Tier 4,Wave 7,KAYOU,US
Anko Mitarashi,SSR,NRSA02-SSR-012L3,NRSA02,Smriti Chapter Jin English Series 2,Tier 4,Wave 7,KAYOU,US
Neji Hyuga,SSR,NRSA02-SSR-013L3,NRSA02,Smriti Chapter Jin English Series 2,Tier 4,Wave 7,KAYOU,US
Gaara,SSR,NRSA02-SSR-014L3,NRSA02,Smriti Chapter Jin English Series 2,Tier 4,Wave 7,KAYOU,US
Rock Lee,SSR,NRSA02-SSR-015L3,NRSA02,Smriti Chapter Jin English Series 2,Tier 4,Wave 7,KAYOU,US
Rock Lee,SSR,NRSA02-SSR-016L3,NRSA02,Smriti Chapter Jin English Series 2,Tier 4,Wave 7,KAYOU,US
Kabuto Yakushi,SSR,NRSA02-SSR-017L3,NRSA02,Smriti Chapter Jin English Series 2,Tier 4,Wave 7,KAYOU,US
Hinata Hyuga,SSR,NRSA02-SSR-018L3,NRSA02,Smriti Chapter Jin English Series 2,Tier 4,Wave 7,KAYOU,US
Choji Akimichi,SSR,NRSA02-SSR-019L3,NRSA02,Smriti Chapter Jin English Series 2,Tier 4,Wave 7,KAYOU,US
Ino Yamanaka,SSR,NRSA02-SSR-020L3,NRSA02,Smriti Chapter Jin English Series 2,Tier 4,Wave 7,KAYOU,US
Shikamaru Nara,SSR,NRSA02-SSR-021L3,NRSA02,Smriti Chapter Jin English Series 2,Tier 4,Wave 7,KAYOU,US
Kiba Inuzuka,SSR,NRSA02-SSR-022L3,NRSA02,Smriti Chapter Jin English Series 2,Tier 4,Wave 7,KAYOU,US
Shino Aburame,SSR,NRSA02-SSR-023L3,NRSA02,Smriti Chapter Jin English Series 2,Tier 4,Wave 7,KAYOU,US
Haku,SR,NRSA01-SR-001L2,NRSA01,Smriti Heaven Scroll English Series 1,Tier 4,Wave 6,KAYOU,US
Haku,SR,NRSA01-SR-002L2,NRSA01,Smriti Heaven Scroll English Series 1,Tier 4,Wave 6,KAYOU,US
Tazuna,SR,NRSA01-SR-003L2,NRSA01,Smriti Heaven Scroll English Series 1,Tier 4,Wave 6,KAYOU,US
Kakashi Hatake,SR,NRSA01-SR-004L2,NRSA01,Smriti Heaven Scroll English Series 1,Tier 4,Wave 6,KAYOU,US
Kakashi Hatake,SR,NRSA01-SR-005L2,NRSA01,Smriti Heaven Scroll English Series 1,Tier 4,Wave 6,KAYOU,US
Naruto Uzumaki,SR,NRSA01-SR-006L2,NRSA01,Smriti Heaven Scroll English Series 1,Tier 4,Wave 6,KAYOU,US
Naruto Uzumaki,SR,NRSA01-SR-007L2,NRSA01,Smriti Heaven Scroll English Series 1,Tier 4,Wave 6,KAYOU,US
Naruto Uzumaki,SR,NRSA01-SR-008L2,NRSA01,Smriti Heaven Scroll English Series 1,Tier 4,Wave 6,KAYOU,US
Naruto Uzumaki,SR,NRSA01-SR-009L2,NRSA01,Smriti Heaven Scroll English Series 1,Tier 4,Wave 6,KAYOU,US
Naruto Uzumaki,SR,NRSA01-SR-010L2,NRSA01,Smriti Heaven Scroll English Series 1,Tier 4,Wave 6,KAYOU,US
Mizuki,SR,NRSA01-SR-011L2,NRSA01,Smriti Heaven Scroll English Series 1,Tier 4,Wave 6,KAYOU,US
Sakura Haruno,SR,NRSA01-SR-012L2,NRSA01,Smriti Heaven Scroll English Series 1,Tier 4,Wave 6,KAYOU,US
Sakura Haruno,SR,NRSA01-SR-013L2,NRSA01,Smriti Heaven Scroll English Series 1,Tier 4,Wave 6,KAYOU,US
Iruka Umino,SR,NRSA01-SR-014L2,NRSA01,Smriti Heaven Scroll English Series 1,Tier 4,Wave 6,KAYOU,US
Hiruzen Sarutobi,SR,NRSA01-SR-015L2,NRSA01,Smriti Heaven Scroll English Series 1,Tier 4,Wave 6,KAYOU,US
Zabuza Momochi,SR,NRSA01-SR-016L2,NRSA01,Smriti Heaven Scroll English Series 1,Tier 4,Wave 6,KAYOU,US
Zabuza Momochi,SR,NRSA01-SR-017L2,NRSA01,Smriti Heaven Scroll English Series 1,Tier 4,Wave 6,KAYOU,US
Zabuza Momochi,SR,NRSA01-SR-018L2,NRSA01,Smriti Heaven Scroll English Series 1,Tier 4,Wave 6,KAYOU,US
Sasuke Uchiha,SR,NRSA01-SR-019L2,NRSA01,Smriti Heaven Scroll English Series 1,Tier 4,Wave 6,KAYOU,US
Sasuke Uchiha,SR,NRSA01-SR-020L2,NRSA01,Smriti Heaven Scroll English Series 1,Tier 4,Wave 6,KAYOU,US
Hinata Hyuga,SR,NRSA02-SR-001L2,NRSA02,Smriti Chapter Jin English Series 2,Tier 4,Wave 7,KAYOU,US
Choji Akimichi,SR,NRSA02-SR-002L2,NRSA02,Smriti Chapter Jin English Series 2,Tier 4,Wave 7,KAYOU,US
Choji Akimichi,SR,NRSA02-SR-003L2,NRSA02,Smriti Chapter Jin English Series 2,Tier 4,Wave 7,KAYOU,US
Kabuto Yakushi,SR,NRSA02-SR-004L2,NRSA02,Smriti Chapter Jin English Series 2,Tier 4,Wave 7,KAYOU,US
Anko Mitarashi,SR,NRSA02-SR-005L2,NRSA02,Smriti Chapter Jin English Series 2,Tier 4,Wave 7,KAYOU,US
Ino Yamanaka,SR,NRSA02-SR-006L2,NRSA02,Smriti Chapter Jin English Series 2,Tier 4,Wave 7,KAYOU,US
Ino Yamanaka,SR,NRSA02-SR-007L2,NRSA02,Smriti Chapter Jin English Series 2,Tier 4,Wave 7,KAYOU,US
Orochimaru,SR,NRSA02-SR-008L2,NRSA02,Smriti Chapter Jin English Series 2,Tier 4,Wave 7,KAYOU,US
Naruto Uzumaki,SR,NRSA02-SR-009L2,NRSA02,Smriti Chapter Jin English Series 2,Tier 4,Wave 7,KAYOU,US
Naruto Uzumaki,SR,NRSA02-SR-010L2,NRSA02,Smriti Chapter Jin English Series 2,Tier 4,Wave 7,KAYOU,US
Neji Hyuga,SR,NRSA02-SR-011L2,NRSA02,Smriti Chapter Jin English Series 2,Tier 4,Wave 7,KAYOU,US
Kiba Inuzuka,SR,NRSA02-SR-012L2,NRSA02,Smriti Chapter Jin English Series 2,Tier 4,Wave 7,KAYOU,US
Ibiki Morino,SR,NRSA02-SR-013L2,NRSA02,Smriti Chapter Jin English Series 2,Tier 4,Wave 7,KAYOU,US
Temari,SR,NRSA02-SR-014L2,NRSA02,Smriti Chapter Jin English Series 2,Tier 4,Wave 7,KAYOU,US
Gaara,SR,NRSA02-SR-015L2,NRSA02,Smriti Chapter Jin English Series 2,Tier 4,Wave 7,KAYOU,US
Rock Lee,SR,NRSA02-SR-016L2,NRSA02,Smriti Chapter Jin English Series 2,Tier 4,Wave 7,KAYOU,US
Rock Lee,SR,NRSA02-SR-017L2,NRSA02,Smriti Chapter Jin English Series 2,Tier 4,Wave 7,KAYOU,US
Sakura Haruno,SR,NRSA02-SR-018L2,NRSA02,Smriti Chapter Jin English Series 2,Tier 4,Wave 7,KAYOU,US
Sakura Haruno,SR,NRSA02-SR-019L2,NRSA02,Smriti Chapter Jin English Series 2,Tier 4,Wave 7,KAYOU,US
Sasuke Uchiha,SR,NRSA02-SR-020L2,NRSA02,Smriti Chapter Jin English Series 2,Tier 4,Wave 7,KAYOU,US
Enter: Naruto Uzumaki! 1,R,NRSA01-R-001L1,NRSA01,Smriti Heaven Scroll English Series 1,Tier 4,Wave 6,KAYOU,US
Enter: Naruto Uzumaki! 2,R,NRSA01-R-002L1,NRSA01,Smriti Heaven Scroll English Series 1,Tier 4,Wave 6,KAYOU,US
Enter: Naruto Uzumaki! 3,R,NRSA01-R-003L1,NRSA01,Smriti Heaven Scroll English Series 1,Tier 4,Wave 6,KAYOU,US
Enter: Naruto Uzumaki! 4,R,NRSA01-R-004L1,NRSA01,Smriti Heaven Scroll English Series 1,Tier 4,Wave 6,KAYOU,US
Enter: Naruto Uzumaki! 5,R,NRSA01-R-005L1,NRSA01,Smriti Heaven Scroll English Series 1,Tier 4,Wave 6,KAYOU,US
You Failed! Kakashi's Final Decision 1,R,NRSA01-R-006L1,NRSA01,Smriti Heaven Scroll English Series 1,Tier 4,Wave 6,KAYOU,US
You Failed! Kakashi's Final Decision 2,R,NRSA01-R-007L1,NRSA01,Smriti Heaven Scroll English Series 1,Tier 4,Wave 6,KAYOU,US
You Failed! Kakashi's Final Decision 3,R,NRSA01-R-008L1,NRSA01,Smriti Heaven Scroll English Series 1,Tier 4,Wave 6,KAYOU,US
You Failed! Kakashi's Final Decision 4,R,NRSA01-R-009L1,NRSA01,Smriti Heaven Scroll English Series 1,Tier 4,Wave 6,KAYOU,US
You Failed! Kakashi's Final Decision 5,R,NRSA01-R-010L1,NRSA01,Smriti Heaven Scroll English Series 1,Tier 4,Wave 6,KAYOU,US
A Dangerous Mission! Journey to the Land of Waves! 1,R,NRSA01-R-011L1,NRSA01,Smriti Heaven Scroll English Series 1,Tier 4,Wave 6,KAYOU,US
A Dangerous Mission! Journey to the Land of Waves! 2,R,NRSA01-R-012L1,NRSA01,Smriti Heaven Scroll English Series 1,Tier 4,Wave 6,KAYOU,US
A Dangerous Mission! Journey to the Land of Waves! 3,R,NRSA01-R-013L1,NRSA01,Smriti Heaven Scroll English Series 1,Tier 4,Wave 6,KAYOU,US
A Dangerous Mission! Journey to the Land of Waves! 4,R,NRSA01-R-014L1,NRSA01,Smriti Heaven Scroll English Series 1,Tier 4,Wave 6,KAYOU,US
A Dangerous Mission! Journey to the Land of Waves! 5,R,NRSA01-R-015L1,NRSA01,Smriti Heaven Scroll English Series 1,Tier 4,Wave 6,KAYOU,US
The Assassin of the Mist! 1,R,NRSA01-R-016L1,NRSA01,Smriti Heaven Scroll English Series 1,Tier 4,Wave 6,KAYOU,US
The Assassin of the Mist! 2,R,NRSA01-R-017L1,NRSA01,Smriti Heaven Scroll English Series 1,Tier 4,Wave 6,KAYOU,US
The Assassin of the Mist! 3,R,NRSA01-R-018L1,NRSA01,Smriti Heaven Scroll English Series 1,Tier 4,Wave 6,KAYOU,US
The Assassin of the Mist! 4,R,NRSA01-R-019L1,NRSA01,Smriti Heaven Scroll English Series 1,Tier 4,Wave 6,KAYOU,US
The Assassin of the Mist! 5,R,NRSA01-R-020L1,NRSA01,Smriti Heaven Scroll English Series 1,Tier 4,Wave 6,KAYOU,US
The Oath of Pain 1,R,NRSA01-R-021L1,NRSA01,Smriti Heaven Scroll English Series 1,Tier 4,Wave 6,KAYOU,US
The Oath of Pain 2,R,NRSA01-R-022L1,NRSA01,Smriti Heaven Scroll English Series 1,Tier 4,Wave 6,KAYOU,US
The Oath of Pain 3,R,NRSA01-R-023L1,NRSA01,Smriti Heaven Scroll English Series 1,Tier 4,Wave 6,KAYOU,US
The Oath of Pain 4,R,NRSA01-R-024L1,NRSA01,Smriti Heaven Scroll English Series 1,Tier 4,Wave 6,KAYOU,US
The Oath of Pain 5,R,NRSA01-R-025L1,NRSA01,Smriti Heaven Scroll English Series 1,Tier 4,Wave 6,KAYOU,US
Kakashi: Sharingan Warrior 1,R,NRSA01-R-026L1,NRSA01,Smriti Heaven Scroll English Series 1,Tier 4,Wave 6,KAYOU,US
Kakashi: Sharingan Warrior 2,R,NRSA01-R-027L1,NRSA01,Smriti Heaven Scroll English Series 1,Tier 4,Wave 6,KAYOU,US
Kakashi: Sharingan Warrior 3,R,NRSA01-R-028L1,NRSA01,Smriti Heaven Scroll English Series 1,Tier 4,Wave 6,KAYOU,US
Kakashi: Sharingan Warrior 4,R,NRSA01-R-029L1,NRSA01,Smriti Heaven Scroll English Series 1,Tier 4,Wave 6,KAYOU,US
Kakashi: Sharingan Warrior 5,R,NRSA01-R-030L1,NRSA01,Smriti Heaven Scroll English Series 1,Tier 4,Wave 6,KAYOU,US
Battle on the Bridge! Zabuza Returns! 1,R,NRSA01-R-031L1,NRSA01,Smriti Heaven Scroll English Series 1,Tier 4,Wave 6,KAYOU,US
Battle on the Bridge! Zabuza Returns! 2,R,NRSA01-R-032L1,NRSA01,Smriti Heaven Scroll English Series 1,Tier 4,Wave 6,KAYOU,US
Battle on the Bridge! Zabuza Returns! 3,R,NRSA01-R-033L1,NRSA01,Smriti Heaven Scroll English Series 1,Tier 4,Wave 6,KAYOU,US
Battle on the Bridge! Zabuza Returns! 4,R,NRSA01-R-034L1,NRSA01,Smriti Heaven Scroll English Series 1,Tier 4,Wave 6,KAYOU,US
Battle on the Bridge! Zabuza Returns! 5,R,NRSA01-R-035L1,NRSA01,Smriti Heaven Scroll English Series 1,Tier 4,Wave 6,KAYOU,US
Haku's Secret Jutsu: Crystal Ice Mirrors 1,R,NRSA01-R-036L1,NRSA01,Smriti Heaven Scroll English Series 1,Tier 4,Wave 6,KAYOU,US
Haku's Secret Jutsu: Crystal Ice Mirrors 2,R,NRSA01-R-037L1,NRSA01,Smriti Heaven Scroll English Series 1,Tier 4,Wave 6,KAYOU,US
Haku's Secret Jutsu: Crystal Ice Mirrors 3,R,NRSA01-R-038L1,NRSA01,Smriti Heaven Scroll English Series 1,Tier 4,Wave 6,KAYOU,US
Haku's Secret Jutsu: Crystal Ice Mirrors 4,R,NRSA01-R-039L1,NRSA01,Smriti Heaven Scroll English Series 1,Tier 4,Wave 6,KAYOU,US
Haku's Secret Jutsu: Crystal Ice Mirrors 5,R,NRSA01-R-040L1,NRSA01,Smriti Heaven Scroll English Series 1,Tier 4,Wave 6,KAYOU,US
The Broken Seal 1,R,NRSA01-R-041L1,NRSA01,Smriti Heaven Scroll English Series 1,Tier 4,Wave 6,KAYOU,US
The Broken Seal 2,R,NRSA01-R-042L1,NRSA01,Smriti Heaven Scroll English Series 1,Tier 4,Wave 6,KAYOU,US
The Broken Seal 3,R,NRSA01-R-043L1,NRSA01,Smriti Heaven Scroll English Series 1,Tier 4,Wave 6,KAYOU,US
The Broken Seal 4,R,NRSA01-R-044L1,NRSA01,Smriti Heaven Scroll English Series 1,Tier 4,Wave 6,KAYOU,US
The Broken Seal 5,R,NRSA01-R-045L1,NRSA01,Smriti Heaven Scroll English Series 1,Tier 4,Wave 6,KAYOU,US
The Demon in the Snow 1,R,NRSA01-R-046L1,NRSA01,Smriti Heaven Scroll English Series 1,Tier 4,Wave 6,KAYOU,US
The Demon in the Snow 2,R,NRSA01-R-047L1,NRSA01,Smriti Heaven Scroll English Series 1,Tier 4,Wave 6,KAYOU,US
The Demon in the Snow 3,R,NRSA01-R-048L1,NRSA01,Smriti Heaven Scroll English Series 1,Tier 4,Wave 6,KAYOU,US
The Demon in the Snow 4,R,NRSA01-R-049L1,NRSA01,Smriti Heaven Scroll English Series 1,Tier 4,Wave 6,KAYOU,US
The Demon in the Snow 5,R,NRSA01-R-050L1,NRSA01,Smriti Heaven Scroll English Series 1,Tier 4,Wave 6,KAYOU,US
Chunin Challenge: Rock Lee vs. Sasuke! 1,R,NRSA02-R-001L1,NRSA02,Smriti Chapter Jin English Series 2,Tier 4,Wave 7,KAYOU,US
Chunin Challenge: Rock Lee vs. Sasuke! 2,R,NRSA02-R-002L1,NRSA02,Smriti Chapter Jin English Series 2,Tier 4,Wave 7,KAYOU,US
Chunin Challenge: Rock Lee vs. Sasuke! 3,R,NRSA02-R-003L1,NRSA02,Smriti Chapter Jin English Series 2,Tier 4,Wave 7,KAYOU,US
Chunin Challenge: Rock Lee vs. Sasuke! 4,R,NRSA02-R-004L1,NRSA02,Smriti Chapter Jin English Series 2,Tier 4,Wave 7,KAYOU,US
Chunin Challenge: Rock Lee vs. Sasuke! 5,R,NRSA02-R-005L1,NRSA02,Smriti Chapter Jin English Series 2,Tier 4,Wave 7,KAYOU,US
Start Your Engines: The Chunin Exam Begins! 1,R,NRSA02-R-006L1,NRSA02,Smriti Chapter Jin English Series 2,Tier 4,Wave 7,KAYOU,US
Start Your Engines: The Chunin Exam Begins! 2,R,NRSA02-R-007L1,NRSA02,Smriti Chapter Jin English Series 2,Tier 4,Wave 7,KAYOU,US
Start Your Engines: The Chunin Exam Begins! 3,R,NRSA02-R-008L1,NRSA02,Smriti Chapter Jin English Series 2,Tier 4,Wave 7,KAYOU,US
Start Your Engines: The Chunin Exam Begins! 4,R,NRSA02-R-009L1,NRSA02,Smriti Chapter Jin English Series 2,Tier 4,Wave 7,KAYOU,US
The Tenth Question: All or Nothing! 1,R,NRSA02-R-010L1,NRSA02,Smriti Chapter Jin English Series 2,Tier 4,Wave 7,KAYOU,US
The Tenth Question: All or Nothing! 2,R,NRSA02-R-011L1,NRSA02,Smriti Chapter Jin English Series 2,Tier 4,Wave 7,KAYOU,US
The Tenth Question: All or Nothing! 3,R,NRSA02-R-012L1,NRSA02,Smriti Chapter Jin English Series 2,Tier 4,Wave 7,KAYOU,US
The Tenth Question: All or Nothing! 4,R,NRSA02-R-013L1,NRSA02,Smriti Chapter Jin English Series 2,Tier 4,Wave 7,KAYOU,US
The Chunin Exam Stage 2: The Forest of Death 1,R,NRSA02-R-014L1,NRSA02,Smriti Chapter Jin English Series 2,Tier 4,Wave 7,KAYOU,US
The Chunin Exam Stage 2: The Forest of Death 2,R,NRSA02-R-015L1,NRSA02,Smriti Chapter Jin English Series 2,Tier 4,Wave 7,KAYOU,US
The Chunin Exam Stage 2: The Forest of Death 3,R,NRSA02-R-016L1,NRSA02,Smriti Chapter Jin English Series 2,Tier 4,Wave 7,KAYOU,US
The Chunin Exam Stage 2: The Forest of Death 4,R,NRSA02-R-017L1,NRSA02,Smriti Chapter Jin English Series 2,Tier 4,Wave 7,KAYOU,US
Naruto's Counterattack: Never Give In! 1,R,NRSA02-R-018L1,NRSA02,Smriti Chapter Jin English Series 2,Tier 4,Wave 7,KAYOU,US
Naruto's Counterattack: Never Give In! 2,R,NRSA02-R-019L1,NRSA02,Smriti Chapter Jin English Series 2,Tier 4,Wave 7,KAYOU,US
Bushy Brow's Pledge: Undying Love and Protection! 1,R,NRSA02-R-020L1,NRSA02,Smriti Chapter Jin English Series 2,Tier 4,Wave 7,KAYOU,US
Bushy Brow's Pledge: Undying Love and Protection! 2,R,NRSA02-R-021L1,NRSA02,Smriti Chapter Jin English Series 2,Tier 4,Wave 7,KAYOU,US
Bushy Brow's Pledge: Undying Love and Protection! 3,R,NRSA02-R-022L1,NRSA02,Smriti Chapter Jin English Series 2,Tier 4,Wave 7,KAYOU,US
Bushy Brow's Pledge: Undying Love and Protection! 4,R,NRSA02-R-023L1,NRSA02,Smriti Chapter Jin English Series 2,Tier 4,Wave 7,KAYOU,US
Sakura Blossoms! 1,R,NRSA02-R-024L1,NRSA02,Smriti Chapter Jin English Series 2,Tier 4,Wave 7,KAYOU,US
Sakura Blossoms! 2,R,NRSA02-R-025L1,NRSA02,Smriti Chapter Jin English Series 2,Tier 4,Wave 7,KAYOU,US
Sakura Blossoms! 3,R,NRSA02-R-026L1,NRSA02,Smriti Chapter Jin English Series 2,Tier 4,Wave 7,KAYOU,US
Battle Formation: Ino-Shika-Cho!! 1,R,NRSA02-R-027L1,NRSA02,Smriti Chapter Jin English Series 2,Tier 4,Wave 7,KAYOU,US
Battle Formation: Ino-Shika-Cho!! 2,R,NRSA02-R-028L1,NRSA02,Smriti Chapter Jin English Series 2,Tier 4,Wave 7,KAYOU,US
Battle Formation: Ino-Shika-Cho!! 3,R,NRSA02-R-029L1,NRSA02,Smriti Chapter Jin English Series 2,Tier 4,Wave 7,KAYOU,US
Battle Formation: Ino-Shika-Cho!! 4,R,NRSA02-R-030L1,NRSA02,Smriti Chapter Jin English Series 2,Tier 4,Wave 7,KAYOU,US
Battle Formation: Ino-Shika-Cho!! 5,R,NRSA02-R-031L1,NRSA02,Smriti Chapter Jin English Series 2,Tier 4,Wave 7,KAYOU,US
Battle Formation: Ino-Shika-Cho!! 6,R,NRSA02-R-032L1,NRSA02,Smriti Chapter Jin English Series 2,Tier 4,Wave 7,KAYOU,US
Battle Formation: Ino-Shika-Cho!! 7,R,NRSA02-R-033L1,NRSA02,Smriti Chapter Jin English Series 2,Tier 4,Wave 7,KAYOU,US
Battle Formation: Ino-Shika-Cho!! 8,R,NRSA02-R-034L1,NRSA02,Smriti Chapter Jin English Series 2,Tier 4,Wave 7,KAYOU,US
Battle Formation: Ino-Shika-Cho!! 9,R,NRSA02-R-035L1,NRSA02,Smriti Chapter Jin English Series 2,Tier 4,Wave 7,KAYOU,US
Clone vs. Clone: Mine are Better Than Yours! 1,R,NRSA02-R-036L1,NRSA02,Smriti Chapter Jin English Series 2,Tier 4,Wave 7,KAYOU,US
Clone vs. Clone: Mine are Better Than Yours! 2,R,NRSA02-R-037L1,NRSA02,Smriti Chapter Jin English Series 2,Tier 4,Wave 7,KAYOU,US
Clone vs. Clone: Mine are Better Than Yours! 3,R,NRSA02-R-038L1,NRSA02,Smriti Chapter Jin English Series 2,Tier 4,Wave 7,KAYOU,US
Clone vs. Clone: Mine are Better Than Yours! 4,R,NRSA02-R-039L1,NRSA02,Smriti Chapter Jin English Series 2,Tier 4,Wave 7,KAYOU,US
Bushy Brow's Jealousy: Lions Barrage Unleashed! 1,R,NRSA02-R-040L1,NRSA02,Smriti Chapter Jin English Series 2,Tier 4,Wave 7,KAYOU,US
Bushy Brow's Jealousy: Lions Barrage Unleashed! 2,R,NRSA02-R-041L1,NRSA02,Smriti Chapter Jin English Series 2,Tier 4,Wave 7,KAYOU,US
Bushy Brow's Jealousy: Lions Barrage Unleashed! 3,R,NRSA02-R-042L1,NRSA02,Smriti Chapter Jin English Series 2,Tier 4,Wave 7,KAYOU,US
Bushy Brow's Jealousy: Lions Barrage Unleashed! 4,R,NRSA02-R-043L1,NRSA02,Smriti Chapter Jin English Series 2,Tier 4,Wave 7,KAYOU,US
Kunoichi Rumble: The Rivals Get Serious! 1,R,NRSA02-R-044L1,NRSA02,Smriti Chapter Jin English Series 2,Tier 4,Wave 7,KAYOU,US
Kunoichi Rumble: The Rivals Get Serious! 2,R,NRSA02-R-045L1,NRSA02,Smriti Chapter Jin English Series 2,Tier 4,Wave 7,KAYOU,US
Akamaru Unleashed! Who's Top Dog Now? 1,R,NRSA02-R-046L1,NRSA02,Smriti Chapter Jin English Series 2,Tier 4,Wave 7,KAYOU,US
Akamaru Unleashed! Who's Top Dog Now? 2,R,NRSA02-R-047L1,NRSA02,Smriti Chapter Jin English Series 2,Tier 4,Wave 7,KAYOU,US
Akamaru Unleashed! Who's Top Dog Now? 3,R,NRSA02-R-048L1,NRSA02,Smriti Chapter Jin English Series 2,Tier 4,Wave 7,KAYOU,US
Akamaru Unleashed! Who's Top Dog Now? 4,R,NRSA02-R-049L1,NRSA02,Smriti Chapter Jin English Series 2,Tier 4,Wave 7,KAYOU,US
Akamaru Unleashed! Who's Top Dog Now? 5,R,NRSA02-R-050L1,NRSA02,Smriti Chapter Jin English Series 2,Tier 4,Wave 7,KAYOU,US
Sasuke Uchiha,SE,NRSA-SE-001L5,NRSA,Smriti Heaven Scroll English Series 1,Tier 4,Wave 6,KAYOU,SEA
Naruto Uzumaki,SE,NRSA-SE-002L5,NRSA,Smriti Heaven Scroll English Series 1,Tier 4,Wave 6,KAYOU,SEA
Zabuza Momochi,SE,NRSA-SE-003L5,NRSA,Smriti Heaven Scroll English Series 1,Tier 4,Wave 6,KAYOU,SEA
Haku,SE,NRSA-SE-004L5,NRSA,Smriti Heaven Scroll English Series 1,Tier 4,Wave 6,KAYOU,SEA
Yashamaru,SE,NRSA-SE-001L5,NRSA,Smriti Chapter Jin English Series 2,Tier 4,Wave 7,KAYOU,SEA
Gaara,SE,NRSA-SE-002L5,NRSA,Smriti Chapter Jin English Series 2,Tier 4,Wave 7,KAYOU,SEA
Might Guy,SE,NRSA-SE-003L5,NRSA,Smriti Chapter Jin English Series 2,Tier 4,Wave 7,KAYOU,SEA
Rock Lee,SE,NRSA-SE-004L5,NRSA,Smriti Chapter Jin English Series 2,Tier 4,Wave 7,KAYOU,SEA
Naruto Uzumaki,SP,NRSA-SP-001L5,NRSA,Smriti Heaven Scroll English Series 1,Tier 4,Wave 6,KAYOU,SEA
Sasuke Uchiha,SP,NRSA-SP-002L5,NRSA,Smriti Heaven Scroll English Series 1,Tier 4,Wave 6,KAYOU,SEA
Sakura Haruno,SP,NRSA-SP-003L5,NRSA,Smriti Heaven Scroll English Series 1,Tier 4,Wave 6,KAYOU,SEA
Kakashi Hatake,SP,NRSA-SP-004L5,NRSA,Smriti Heaven Scroll English Series 1,Tier 4,Wave 6,KAYOU,SEA
Hinata Hyuga,SP,NRSA-SP-001L5,NRSA,Smriti Chapter Jin English Series 2,Tier 4,Wave 7,KAYOU,SEA
Neji Hyuga,SP,NRSA-SP-002L5,NRSA,Smriti Chapter Jin English Series 2,Tier 4,Wave 7,KAYOU,SEA
Gaara,SP,NRSA-SP-003L5,NRSA,Smriti Chapter Jin English Series 2,Tier 4,Wave 7,KAYOU,SEA
Rock Lee,SP,NRSA-SP-004L5,NRSA,Smriti Chapter Jin English Series 2,Tier 4,Wave 7,KAYOU,SEA
Naruto Uzumaki,BP,NRSA-BP-001L4,NRSA,Smriti Heaven Scroll English Series 1,Tier 4,Wave 6,KAYOU,SEA
Sasuke Uchiha,BP,NRSA-BP-002L4,NRSA,Smriti Heaven Scroll English Series 1,Tier 4,Wave 6,KAYOU,SEA
Sakura Haruno,BP,NRSA-BP-003L4,NRSA,Smriti Heaven Scroll English Series 1,Tier 4,Wave 6,KAYOU,SEA
Kakashi Hatake,BP,NRSA-BP-004L4,NRSA,Smriti Heaven Scroll English Series 1,Tier 4,Wave 6,KAYOU,SEA
Hiruzen Sarutobi,BP,NRSA-BP-005L4,NRSA,Smriti Heaven Scroll English Series 1,Tier 4,Wave 6,KAYOU,SEA
Konohamaru Sarutobi,BP,NRSA-BP-006L4,NRSA,Smriti Heaven Scroll English Series 1,Tier 4,Wave 6,KAYOU,SEA
Haku,BP,NRSA-BP-007L4,NRSA,Smriti Heaven Scroll English Series 1,Tier 4,Wave 6,KAYOU,SEA
Hinata Hyuga,BP,NRSA-BP-001L4,NRSA,Smriti Chapter Jin English Series 2,Tier 4,Wave 7,KAYOU,SEA
Orochimaru,BP,NRSA-BP-002L4,NRSA,Smriti Chapter Jin English Series 2,Tier 4,Wave 7,KAYOU,SEA
Choji Akimichi,BP,NRSA-BP-003L4,NRSA,Smriti Chapter Jin English Series 2,Tier 4,Wave 7,KAYOU,SEA
Shikamaru Nara,BP,NRSA-BP-004L4,NRSA,Smriti Chapter Jin English Series 2,Tier 4,Wave 7,KAYOU,SEA
Neji Hyuga,BP,NRSA-BP-005L4,NRSA,Smriti Chapter Jin English Series 2,Tier 4,Wave 7,KAYOU,SEA
Kiba Inuzuka,BP,NRSA-BP-006L4,NRSA,Smriti Chapter Jin English Series 2,Tier 4,Wave 7,KAYOU,SEA
Rock Lee,BP,NRSA-BP-007L4,NRSA,Smriti Chapter Jin English Series 2,Tier 4,Wave 7,KAYOU,SEA
Gaara,AR,NRSA-AR-001L4,NRSA,Smriti Chapter Jin English Series 2,Tier 4,Wave 7,KAYOU,SEA
Rock Lee,AR,NRSA-AR-002L4,NRSA,Smriti Chapter Jin English Series 2,Tier 4,Wave 7,KAYOU,SEA
Naruto Uzumaki,AR,NRSA-AR-003L4,NRSA,Smriti Chapter Jin English Series 2,Tier 4,Wave 7,KAYOU,SEA
Neji Hyuga,AR,NRSA-AR-004L4,NRSA,Smriti Chapter Jin English Series 2,Tier 4,Wave 7,KAYOU,SEA
Shikamaru Nara,AR,NRSA-AR-005L4,NRSA,Smriti Chapter Jin English Series 2,Tier 4,Wave 7,KAYOU,SEA
Temari,AR,NRSA-AR-006L4,NRSA,Smriti Chapter Jin English Series 2,Tier 4,Wave 7,KAYOU,SEA
Gaara,AR,NRSA-AR-007L4,NRSA,Smriti Chapter Jin English Series 2,Tier 4,Wave 7,KAYOU,SEA
Sasuke Uchiha,AR,NRSA-AR-008L4,NRSA,Smriti Chapter Jin English Series 2,Tier 4,Wave 7,KAYOU,SEA
Naruto Uzumaki,AR,NRSA-AR-009L4,NRSA,Smriti Chapter Jin English Series 2,Tier 4,Wave 7,KAYOU,SEA
Sasuke Uchiha,AR,NRSA-AR-010L4,NRSA,Smriti Chapter Jin English Series 2,Tier 4,Wave 7,KAYOU,SEA
Naruto Uzumaki,MR,NRSA-MR-001,NRSA,Smriti Heaven Scroll English Series 1,Tier 4,Wave 6,KAYOU,SEA
Sasuke Uchiha,MR,NRSA-MR-002,NRSA,Smriti Heaven Scroll English Series 1,Tier 4,Wave 6,KAYOU,SEA
Sakura Haruno,MR,NRSA-MR-003,NRSA,Smriti Heaven Scroll English Series 1,Tier 4,Wave 6,KAYOU,SEA
Kakashi Hatake,MR,NRSA-MR-004,NRSA,Smriti Heaven Scroll English Series 1,Tier 4,Wave 6,KAYOU,SEA
Zabuza Momochi,MR,NRSA-MR-005,NRSA,Smriti Heaven Scroll English Series 1,Tier 4,Wave 6,KAYOU,SEA
Haku,MR,NRSA-MR-006,NRSA,Smriti Heaven Scroll English Series 1,Tier 4,Wave 6,KAYOU,SEA
Naruto Uzumaki,MR,NRSA-MR-001,NRSA,Smriti Chapter Jin English Series 2,Tier 4,Wave 7,KAYOU,SEA
Sasuke Uchiha,MR,NRSA-MR-002,NRSA,Smriti Chapter Jin English Series 2,Tier 4,Wave 7,KAYOU,SEA
Gaara,MR,NRSA-MR-003,NRSA,Smriti Chapter Jin English Series 2,Tier 4,Wave 7,KAYOU,SEA
Shikamaru Nara,MR,NRSA-MR-004,NRSA,Smriti Chapter Jin English Series 2,Tier 4,Wave 7,KAYOU,SEA
Neji Hyuga,MR,NRSA-MR-005,NRSA,Smriti Chapter Jin English Series 2,Tier 4,Wave 7,KAYOU,SEA
Hiruzen Sarutobi,MR,NRSA-MR-006,NRSA,Smriti Chapter Jin English Series 2,Tier 4,Wave 7,KAYOU,SEA
Orochimaru,MR,NRSA-MR-007,NRSA,Smriti Chapter Jin English Series 2,Tier 4,Wave 7,KAYOU,SEA
Sasuke Uchiha,PU,NRSA-PU-001L4,NRSA,Smriti Heaven Scroll English Series 1,Tier 4,Wave 6,KAYOU,SEA
Sakura Haruno,PU,NRSA-PU-002L4,NRSA,Smriti Heaven Scroll English Series 1,Tier 4,Wave 6,KAYOU,SEA
Naruto Uzumaki,PU,NRSA-PU-003L4,NRSA,Smriti Heaven Scroll English Series 1,Tier 4,Wave 6,KAYOU,SEA
Kakashi Hatake,PU,NRSA-PU-004L4,NRSA,Smriti Heaven Scroll English Series 1,Tier 4,Wave 6,KAYOU,SEA
Sasuke Uchiha,PU,NRSA-PU-005L4,NRSA,Smriti Heaven Scroll English Series 1,Tier 4,Wave 6,KAYOU,SEA
Naruto Uzumaki,PU,NRSA-PU-006L4,NRSA,Smriti Heaven Scroll English Series 1,Tier 4,Wave 6,KAYOU,SEA
Zabuza Momochi,PU,NRSA-PU-007L4,NRSA,Smriti Heaven Scroll English Series 1,Tier 4,Wave 6,KAYOU,SEA
Haku,PU,NRSA-PU-008L4,NRSA,Smriti Heaven Scroll English Series 1,Tier 4,Wave 6,KAYOU,SEA
Kabuto Yakushi,PU,NRSA-PU-001L4,NRSA,Smriti Chapter Jin English Series 2,Tier 4,Wave 7,KAYOU,SEA
Orochimaru,PU,NRSA-PU-002L4,NRSA,Smriti Chapter Jin English Series 2,Tier 4,Wave 7,KAYOU,SEA
Naruto Uzumaki,PU,NRSA-PU-003L4,NRSA,Smriti Chapter Jin English Series 2,Tier 4,Wave 7,KAYOU,SEA
Jiraiya,PU,NRSA-PU-004L4,NRSA,Smriti Chapter Jin English Series 2,Tier 4,Wave 7,KAYOU,SEA
Tenten,PU,NRSA-PU-005L4,NRSA,Smriti Chapter Jin English Series 2,Tier 4,Wave 7,KAYOU,SEA
Might Guy,PU,NRSA-PU-006L4,NRSA,Smriti Chapter Jin English Series 2,Tier 4,Wave 7,KAYOU,SEA
Rock Lee,PU,NRSA-PU-007L4,NRSA,Smriti Chapter Jin English Series 2,Tier 4,Wave 7,KAYOU,SEA
Neji Hyuga,PU,NRSA-PU-008L4,NRSA,Smriti Chapter Jin English Series 2,Tier 4,Wave 7,KAYOU,SEA
PTR-001,PTR,NRSA-PTR-001L3,NRSA,Smriti Heaven Scroll English Series 1,Tier 4,Wave 6,KAYOU,SEA
PTR-002,PTR,NRSA-PTR-002L3,NRSA,Smriti Heaven Scroll English Series 1,Tier 4,Wave 6,KAYOU,SEA
PTR-003,PTR,NRSA-PTR-003L3,NRSA,Smriti Heaven Scroll English Series 1,Tier 4,Wave 6,KAYOU,SEA
PTR-004,PTR,NRSA-PTR-004L3,NRSA,Smriti Heaven Scroll English Series 1,Tier 4,Wave 6,KAYOU,SEA
PTR-005,PTR,NRSA-PTR-005L3,NRSA,Smriti Heaven Scroll English Series 1,Tier 4,Wave 6,KAYOU,SEA
PTR-006,PTR,NRSA-PTR-006L3,NRSA,Smriti Heaven Scroll English Series 1,Tier 4,Wave 6,KAYOU,SEA
PTR-007,PTR,NRSA-PTR-007L3,NRSA,Smriti Heaven Scroll English Series 1,Tier 4,Wave 6,KAYOU,SEA
PTR-008,PTR,NRSA-PTR-008L3,NRSA,Smriti Heaven Scroll English Series 1,Tier 4,Wave 6,KAYOU,SEA
PTR-009,PTR,NRSA-PTR-009L3,NRSA,Smriti Heaven Scroll English Series 1,Tier 4,Wave 6,KAYOU,SEA
PTR-010,PTR,NRSA-PTR-010L3,NRSA,Smriti Heaven Scroll English Series 1,Tier 4,Wave 6,KAYOU,SEA
PTR-011,PTR,NRSA-PTR-011L3,NRSA,Smriti Heaven Scroll English Series 1,Tier 4,Wave 6,KAYOU,SEA
PTR-012,PTR,NRSA-PTR-012L3,NRSA,Smriti Heaven Scroll English Series 1,Tier 4,Wave 6,KAYOU,SEA
PTR-013,PTR,NRSA-PTR-013L3,NRSA,Smriti Heaven Scroll English Series 1,Tier 4,Wave 6,KAYOU,SEA
PTR-014,PTR,NRSA-PTR-014L3,NRSA,Smriti Heaven Scroll English Series 1,Tier 4,Wave 6,KAYOU,SEA
PTR-015,PTR,NRSA-PTR-015L3,NRSA,Smriti Heaven Scroll English Series 1,Tier 4,Wave 6,KAYOU,SEA
PTR-016,PTR,NRSA-PTR-016L3,NRSA,Smriti Heaven Scroll English Series 1,Tier 4,Wave 6,KAYOU,SEA
PTR-017,PTR,NRSA-PTR-017L3,NRSA,Smriti Heaven Scroll English Series 1,Tier 4,Wave 6,KAYOU,SEA
PTR-018,PTR,NRSA-PTR-018L3,NRSA,Smriti Heaven Scroll English Series 1,Tier 4,Wave 6,KAYOU,SEA
PTR-019,PTR,NRSA-PTR-019L3,NRSA,Smriti Heaven Scroll English Series 1,Tier 4,Wave 6,KAYOU,SEA
PTR-020,PTR,NRSA-PTR-020L3,NRSA,Smriti Heaven Scroll English Series 1,Tier 4,Wave 6,KAYOU,SEA
NRSA02-PTR-001,PTR,NRSA-PTR-001L3,NRSA,Smriti Chapter Jin English Series 2,Tier 4,Wave 7,KAYOU,SEA
NRSA02-PTR-002,PTR,NRSA-PTR-002L3,NRSA,Smriti Chapter Jin English Series 2,Tier 4,Wave 7,KAYOU,SEA
NRSA02-PTR-003,PTR,NRSA-PTR-003L3,NRSA,Smriti Chapter Jin English Series 2,Tier 4,Wave 7,KAYOU,SEA
NRSA02-PTR-004,PTR,NRSA-PTR-004L3,NRSA,Smriti Chapter Jin English Series 2,Tier 4,Wave 7,KAYOU,SEA
NRSA02-PTR-005,PTR,NRSA-PTR-005L3,NRSA,Smriti Chapter Jin English Series 2,Tier 4,Wave 7,KAYOU,SEA
NRSA02-PTR-006,PTR,NRSA-PTR-006L3,NRSA,Smriti Chapter Jin English Series 2,Tier 4,Wave 7,KAYOU,SEA
NRSA02-PTR-007,PTR,NRSA-PTR-007L3,NRSA,Smriti Chapter Jin English Series 2,Tier 4,Wave 7,KAYOU,SEA
NRSA02-PTR-008,PTR,NRSA-PTR-008L3,NRSA,Smriti Chapter Jin English Series 2,Tier 4,Wave 7,KAYOU,SEA
NRSA02-PTR-009,PTR,NRSA-PTR-009L3,NRSA,Smriti Chapter Jin English Series 2,Tier 4,Wave 7,KAYOU,SEA
NRSA02-PTR-010,PTR,NRSA-PTR-010L3,NRSA,Smriti Chapter Jin English Series 2,Tier 4,Wave 7,KAYOU,SEA
NRSA02-PTR-011,PTR,NRSA-PTR-011L3,NRSA,Smriti Chapter Jin English Series 2,Tier 4,Wave 7,KAYOU,SEA
NRSA02-PTR-012,PTR,NRSA-PTR-012L3,NRSA,Smriti Chapter Jin English Series 2,Tier 4,Wave 7,KAYOU,SEA
NRSA02-PTR-013,PTR,NRSA-PTR-013L3,NRSA,Smriti Chapter Jin English Series 2,Tier 4,Wave 7,KAYOU,SEA
NRSA02-PTR-014,PTR,NRSA-PTR-014L3,NRSA,Smriti Chapter Jin English Series 2,Tier 4,Wave 7,KAYOU,SEA
NRSA02-PTR-015,PTR,NRSA-PTR-015L3,NRSA,Smriti Chapter Jin English Series 2,Tier 4,Wave 7,KAYOU,SEA
NRSA02-PTR-016,PTR,NRSA-PTR-016L3,NRSA,Smriti Chapter Jin English Series 2,Tier 4,Wave 7,KAYOU,SEA
NRSA02-PTR-017,PTR,NRSA-PTR-017L3,NRSA,Smriti Chapter Jin English Series 2,Tier 4,Wave 7,KAYOU,SEA
NRSA02-PTR-018,PTR,NRSA-PTR-018L3,NRSA,Smriti Chapter Jin English Series 2,Tier 4,Wave 7,KAYOU,SEA
NRSA02-PTR-019,PTR,NRSA-PTR-019L3,NRSA,Smriti Chapter Jin English Series 2,Tier 4,Wave 7,KAYOU,SEA
NRSA02-PTR-020,PTR,NRSA-PTR-020L3,NRSA,Smriti Chapter Jin English Series 2,Tier 4,Wave 7,KAYOU,SEA
Nar Uzumaki,UR,NRSA-UR-001L3,NRSA,Smriti Heaven Scroll English Series 1,Tier 4,Wave 6,KAYOU,SEA
Sasuke Uchiha,UR,NRSA-UR-002L3,NRSA,Smriti Heaven Scroll English Series 1,Tier 4,Wave 6,KAYOU,SEA
Sakura Haruno,UR,NRSA-UR-003L3,NRSA,Smriti Heaven Scroll English Series 1,Tier 4,Wave 6,KAYOU,SEA
Kakashi Hatake,UR,NRSA-UR-004L3,NRSA,Smriti Heaven Scroll English Series 1,Tier 4,Wave 6,KAYOU,SEA
Zabuza Momochi,UR,NRSA-UR-005L3,NRSA,Smriti Heaven Scroll English Series 1,Tier 4,Wave 6,KAYOU,SEA
Haku,UR,NRSA-UR-006L3,NRSA,Smriti Heaven Scroll English Series 1,Tier 4,Wave 6,KAYOU,SEA
Iruka Umino,UR,NRSA-UR-007L3,NRSA,Smriti Heaven Scroll English Series 1,Tier 4,Wave 6,KAYOU,SEA
Shikamaru Nara,UR,NRSA-UR-008L3,NRSA,Smriti Heaven Scroll English Series 1,Tier 4,Wave 6,KAYOU,SEA
Choji Akimichi,UR,NRSA-UR-009L3,NRSA,Smriti Heaven Scroll English Series 1,Tier 4,Wave 6,KAYOU,SEA
Ino Yamanaka,UR,NRSA-UR-010L3,NRSA,Smriti Heaven Scroll English Series 1,Tier 4,Wave 6,KAYOU,SEA
Neji Hyuga,UR,NRSA-UR-011L3,NRSA,Smriti Heaven Scroll English Series 1,Tier 4,Wave 6,KAYOU,SEA
Rock Lee,UR,NRSA-UR-012L3,NRSA,Smriti Heaven Scroll English Series 1,Tier 4,Wave 6,KAYOU,SEA
Tenten,UR,NRSA-UR-013L3,NRSA,Smriti Heaven Scroll English Series 1,Tier 4,Wave 6,KAYOU,SEA
Hinata Hygua,UR,NRSA-UR-014L3,NRSA,Smriti Heaven Scroll English Series 1,Tier 4,Wave 6,KAYOU,SEA
Kiba Inuzuka,UR,NRSA-UR-015L3,NRSA,Smriti Heaven Scroll English Series 1,Tier 4,Wave 6,KAYOU,SEA
Orochimaru,UR,NRSA-UR-001L3,NRSA,Smriti Chapter Jin English Series 2,Tier 4,Wave 7,KAYOU,SEA
Shikamaru Nara,UR,NRSA-UR-002L3,NRSA,Smriti Chapter Jin English Series 2,Tier 4,Wave 7,KAYOU,SEA
Kabuto Yakushi,UR,NRSA-UR-003L3,NRSA,Smriti Chapter Jin English Series 2,Tier 4,Wave 7,KAYOU,SEA
Anko Mitarashi,UR,NRSA-UR-004L3,NRSA,Smriti Chapter Jin English Series 2,Tier 4,Wave 7,KAYOU,SEA
Might Guy,UR,NRSA-UR-005L3,NRSA,Smriti Chapter Jin English Series 2,Tier 4,Wave 7,KAYOU,SEA
Naruto Uzumaki,UR,NRSA-UR-006L3,NRSA,Smriti Chapter Jin English Series 2,Tier 4,Wave 7,KAYOU,SEA
Neji Hyuga,UR,NRSA-UR-007L3,NRSA,Smriti Chapter Jin English Series 2,Tier 4,Wave 7,KAYOU,SEA
Kiba Inuzuka,UR,NRSA-UR-008L3,NRSA,Smriti Chapter Jin English Series 2,Tier 4,Wave 7,KAYOU,SEA
Hiruzen Sarutobi,UR,NRSA-UR-009L3,NRSA,Smriti Chapter Jin English Series 2,Tier 4,Wave 7,KAYOU,SEA
Ibiki Morino,UR,NRSA-UR-010L3,NRSA,Smriti Chapter Jin English Series 2,Tier 4,Wave 7,KAYOU,SEA
Temari,UR,NRSA-UR-011L3,NRSA,Smriti Chapter Jin English Series 2,Tier 4,Wave 7,KAYOU,SEA
Gaara,UR,NRSA-UR-012L3,NRSA,Smriti Chapter Jin English Series 2,Tier 4,Wave 7,KAYOU,SEA
Rock Lee,UR,NRSA-UR-013L3,NRSA,Smriti Chapter Jin English Series 2,Tier 4,Wave 7,KAYOU,SEA
Jiraiya,UR,NRSA-UR-014L3,NRSA,Smriti Chapter Jin English Series 2,Tier 4,Wave 7,KAYOU,SEA
Sasuke Uchiha,UR,NRSA-UR-015L3,NRSA,Smriti Chapter Jin English Series 2,Tier 4,Wave 7,KAYOU,SEA
Haku,SSR,NRSA-SSR-001L3,NRSA,Smriti Heaven Scroll English Series 1,Tier 4,Wave 6,KAYOU,SEA
Naruto Uzumaki,SSR,NRSA-SSR-002L3,NRSA,Smriti Heaven Scroll English Series 1,Tier 4,Wave 6,KAYOU,SEA
Sasuke Uchiha,SSR,NRSA-SSR-003L3,NRSA,Smriti Heaven Scroll English Series 1,Tier 4,Wave 6,KAYOU,SEA
Haku,SSR,NRSA-SSR-004L3,NRSA,Smriti Heaven Scroll English Series 1,Tier 4,Wave 6,KAYOU,SEA
Zabuza Momochi,SSR,NRSA-SSR-005L3,NRSA,Smriti Heaven Scroll English Series 1,Tier 4,Wave 6,KAYOU,SEA
Kakashi Hatake,SSR,NRSA-SSR-006L3,NRSA,Smriti Heaven Scroll English Series 1,Tier 4,Wave 6,KAYOU,SEA
Sasuke Uchiha,SSR,NRSA-SSR-007L3,NRSA,Smriti Heaven Scroll English Series 1,Tier 4,Wave 6,KAYOU,SEA
Kakashi Hatake,SSR,NRSA-SSR-008L3,NRSA,Smriti Heaven Scroll English Series 1,Tier 4,Wave 6,KAYOU,SEA
Kakashi Hatake,SSR,NRSA-SSR-009L3,NRSA,Smriti Heaven Scroll English Series 1,Tier 4,Wave 6,KAYOU,SEA
Zabuza Momochi,SSR,NRSA-SSR-010L3,NRSA,Smriti Heaven Scroll English Series 1,Tier 4,Wave 6,KAYOU,SEA
Naruto Uzumaki,SSR,NRSA-SSR-011L3,NRSA,Smriti Heaven Scroll English Series 1,Tier 4,Wave 6,KAYOU,SEA
Sasuke Uchiha,SSR,NRSA-SSR-012L3,NRSA,Smriti Heaven Scroll English Series 1,Tier 4,Wave 6,KAYOU,SEA
Haku,SSR,NRSA-SSR-013L3,NRSA,Smriti Heaven Scroll English Series 1,Tier 4,Wave 6,KAYOU,SEA
Haku,SSR,NRSA-SSR-014L3,NRSA,Smriti Heaven Scroll English Series 1,Tier 4,Wave 6,KAYOU,SEA
Haku,SSR,NRSA-SSR-015L3,NRSA,Smriti Heaven Scroll English Series 1,Tier 4,Wave 6,KAYOU,SEA
Kakashi Hatake,SSR,NRSA-SSR-016L3,NRSA,Smriti Heaven Scroll English Series 1,Tier 4,Wave 6,KAYOU,SEA
Kakashi Hatake,SSR,NRSA-SSR-017L3,NRSA,Smriti Heaven Scroll English Series 1,Tier 4,Wave 6,KAYOU,SEA
Kakashi Hatake,SSR,NRSA-SSR-018L3,NRSA,Smriti Heaven Scroll English Series 1,Tier 4,Wave 6,KAYOU,SEA
Naruto Uzumaki,SSR,NRSA-SSR-019L3,NRSA,Smriti Heaven Scroll English Series 1,Tier 4,Wave 6,KAYOU,SEA
Naruto Uzumaki,SSR,NRSA-SSR-020L3,NRSA,Smriti Heaven Scroll English Series 1,Tier 4,Wave 6,KAYOU,SEA
Naruto Uzumaki,SSR,NRSA-SSR-021L3,NRSA,Smriti Heaven Scroll English Series 1,Tier 4,Wave 6,KAYOU,SEA
Sasuke Uchiha,SSR,NRSA-SSR-022L3,NRSA,Smriti Heaven Scroll English Series 1,Tier 4,Wave 6,KAYOU,SEA
Sasuke Uchiha,SSR,NRSA-SSR-023L3,NRSA,Smriti Heaven Scroll English Series 1,Tier 4,Wave 6,KAYOU,SEA
Zabuza Momochi,SSR,NRSA-SSR-024L3,NRSA,Smriti Heaven Scroll English Series 1,Tier 4,Wave 6,KAYOU,SEA
Hinata Hyuga,SSR,NRSA-SSR-001L3,NRSA,Smriti Chapter Jin English Series 2,Tier 4,Wave 7,KAYOU,SEA
Neji Hyuga,SSR,NRSA-SSR-002L3,NRSA,Smriti Chapter Jin English Series 2,Tier 4,Wave 7,KAYOU,SEA
Gaara,SSR,NRSA-SSR-003L3,NRSA,Smriti Chapter Jin English Series 2,Tier 4,Wave 7,KAYOU,SEA
Rock Lee,SSR,NRSA-SSR-004L3,NRSA,Smriti Chapter Jin English Series 2,Tier 4,Wave 7,KAYOU,SEA
Kiba Inuzuka,SSR,NRSA-SSR-005L3,NRSA,Smriti Chapter Jin English Series 2,Tier 4,Wave 7,KAYOU,SEA
Naruto Uzumaki,SSR,NRSA-SSR-006L3,NRSA,Smriti Chapter Jin English Series 2,Tier 4,Wave 7,KAYOU,SEA
Sakura Haruno,SSR,NRSA-SSR-007L3,NRSA,Smriti Chapter Jin English Series 2,Tier 4,Wave 7,KAYOU,SEA
Ino Yamanaka,SSR,NRSA-SSR-008L3,NRSA,Smriti Chapter Jin English Series 2,Tier 4,Wave 7,KAYOU,SEA
Sasuke Uchiha,SSR,NRSA-SSR-009L3,NRSA,Smriti Chapter Jin English Series 2,Tier 4,Wave 7,KAYOU,SEA
Orochimaru,SSR,NRSA-SSR-010L3,NRSA,Smriti Chapter Jin English Series 2,Tier 4,Wave 7,KAYOU,SEA
Orochimaru,SSR,NRSA-SSR-011L3,NRSA,Smriti Chapter Jin English Series 2,Tier 4,Wave 7,KAYOU,SEA
Anko Mitarashi,SSR,NRSA-SSR-012L3,NRSA,Smriti Chapter Jin English Series 2,Tier 4,Wave 7,KAYOU,SEA
Neji Hyuga,SSR,NRSA-SSR-013L3,NRSA,Smriti Chapter Jin English Series 2,Tier 4,Wave 7,KAYOU,SEA
Gaara,SSR,NRSA-SSR-014L3,NRSA,Smriti Chapter Jin English Series 2,Tier 4,Wave 7,KAYOU,SEA
Rock Lee,SSR,NRSA-SSR-015L3,NRSA,Smriti Chapter Jin English Series 2,Tier 4,Wave 7,KAYOU,SEA
Rock Lee,SSR,NRSA-SSR-016L3,NRSA,Smriti Chapter Jin English Series 2,Tier 4,Wave 7,KAYOU,SEA
Kabuto Yakushi,SSR,NRSA-SSR-017L3,NRSA,Smriti Chapter Jin English Series 2,Tier 4,Wave 7,KAYOU,SEA
Hinata Hyuga,SSR,NRSA-SSR-018L3,NRSA,Smriti Chapter Jin English Series 2,Tier 4,Wave 7,KAYOU,SEA
Choji Akimichi,SSR,NRSA-SSR-019L3,NRSA,Smriti Chapter Jin English Series 2,Tier 4,Wave 7,KAYOU,SEA
Ino Yamanaka,SSR,NRSA-SSR-020L3,NRSA,Smriti Chapter Jin English Series 2,Tier 4,Wave 7,KAYOU,SEA
Shikamaru Nara,SSR,NRSA-SSR-021L3,NRSA,Smriti Chapter Jin English Series 2,Tier 4,Wave 7,KAYOU,SEA
Kiba Inuzuka,SSR,NRSA-SSR-022L3,NRSA,Smriti Chapter Jin English Series 2,Tier 4,Wave 7,KAYOU,SEA
Shino Aburame,SSR,NRSA-SSR-023L3,NRSA,Smriti Chapter Jin English Series 2,Tier 4,Wave 7,KAYOU,SEA
Haku,SR,NRSA-SR-001L2,NRSA,Smriti Heaven Scroll English Series 1,Tier 4,Wave 6,KAYOU,SEA
Haku,SR,NRSA-SR-002L2,NRSA,Smriti Heaven Scroll English Series 1,Tier 4,Wave 6,KAYOU,SEA
Tazuna,SR,NRSA-SR-003L2,NRSA,Smriti Heaven Scroll English Series 1,Tier 4,Wave 6,KAYOU,SEA
Kakashi Hatake,SR,NRSA-SR-004L2,NRSA,Smriti Heaven Scroll English Series 1,Tier 4,Wave 6,KAYOU,SEA
Kakashi Hatake,SR,NRSA-SR-005L2,NRSA,Smriti Heaven Scroll English Series 1,Tier 4,Wave 6,KAYOU,SEA
Naruto Uzumaki,SR,NRSA-SR-006L2,NRSA,Smriti Heaven Scroll English Series 1,Tier 4,Wave 6,KAYOU,SEA
Naruto Uzumaki,SR,NRSA-SR-007L2,NRSA,Smriti Heaven Scroll English Series 1,Tier 4,Wave 6,KAYOU,SEA
Naruto Uzumaki,SR,NRSA-SR-008L2,NRSA,Smriti Heaven Scroll English Series 1,Tier 4,Wave 6,KAYOU,SEA
Naruto Uzumaki,SR,NRSA-SR-009L2,NRSA,Smriti Heaven Scroll English Series 1,Tier 4,Wave 6,KAYOU,SEA
Naruto Uzumaki,SR,NRSA-SR-010L2,NRSA,Smriti Heaven Scroll English Series 1,Tier 4,Wave 6,KAYOU,SEA
Mizuki,SR,NRSA-SR-011L2,NRSA,Smriti Heaven Scroll English Series 1,Tier 4,Wave 6,KAYOU,SEA
Sakura Haruno,SR,NRSA-SR-012L2,NRSA,Smriti Heaven Scroll English Series 1,Tier 4,Wave 6,KAYOU,SEA
Sakura Haruno,SR,NRSA-SR-013L2,NRSA,Smriti Heaven Scroll English Series 1,Tier 4,Wave 6,KAYOU,SEA
Iruka Umino,SR,NRSA-SR-014L2,NRSA,Smriti Heaven Scroll English Series 1,Tier 4,Wave 6,KAYOU,SEA
Hiruzen Sarutobi,SR,NRSA-SR-015L2,NRSA,Smriti Heaven Scroll English Series 1,Tier 4,Wave 6,KAYOU,SEA
Zabuza Momochi,SR,NRSA-SR-016L2,NRSA,Smriti Heaven Scroll English Series 1,Tier 4,Wave 6,KAYOU,SEA
Zabuza Momochi,SR,NRSA-SR-017L2,NRSA,Smriti Heaven Scroll English Series 1,Tier 4,Wave 6,KAYOU,SEA
Zabuza Momochi,SR,NRSA-SR-018L2,NRSA,Smriti Heaven Scroll English Series 1,Tier 4,Wave 6,KAYOU,SEA
Sasuke Uchiha,SR,NRSA-SR-019L2,NRSA,Smriti Heaven Scroll English Series 1,Tier 4,Wave 6,KAYOU,SEA
Sasuke Uchiha,SR,NRSA-SR-020L2,NRSA,Smriti Heaven Scroll English Series 1,Tier 4,Wave 6,KAYOU,SEA
Hinata Hyuga,SR,NRSA-SR-001L2,NRSA,Smriti Chapter Jin English Series 2,Tier 4,Wave 7,KAYOU,SEA
Choji Akimichi,SR,NRSA-SR-002L2,NRSA,Smriti Chapter Jin English Series 2,Tier 4,Wave 7,KAYOU,SEA
Choji Akimichi,SR,NRSA-SR-003L2,NRSA,Smriti Chapter Jin English Series 2,Tier 4,Wave 7,KAYOU,SEA
Kabuto Yakushi,SR,NRSA-SR-004L2,NRSA,Smriti Chapter Jin English Series 2,Tier 4,Wave 7,KAYOU,SEA
Anko Mitarashi,SR,NRSA-SR-005L2,NRSA,Smriti Chapter Jin English Series 2,Tier 4,Wave 7,KAYOU,SEA
Ino Yamanaka,SR,NRSA-SR-006L2,NRSA,Smriti Chapter Jin English Series 2,Tier 4,Wave 7,KAYOU,SEA
Ino Yamanaka,SR,NRSA-SR-007L2,NRSA,Smriti Chapter Jin English Series 2,Tier 4,Wave 7,KAYOU,SEA
Orochimaru,SR,NRSA-SR-008L2,NRSA,Smriti Chapter Jin English Series 2,Tier 4,Wave 7,KAYOU,SEA
Naruto Uzumaki,SR,NRSA-SR-009L2,NRSA,Smriti Chapter Jin English Series 2,Tier 4,Wave 7,KAYOU,SEA
Naruto Uzumaki,SR,NRSA-SR-010L2,NRSA,Smriti Chapter Jin English Series 2,Tier 4,Wave 7,KAYOU,SEA
Neji Hyuga,SR,NRSA-SR-011L2,NRSA,Smriti Chapter Jin English Series 2,Tier 4,Wave 7,KAYOU,SEA
Kiba Inuzuka,SR,NRSA-SR-012L2,NRSA,Smriti Chapter Jin English Series 2,Tier 4,Wave 7,KAYOU,SEA
Ibiki Morino,SR,NRSA-SR-013L2,NRSA,Smriti Chapter Jin English Series 2,Tier 4,Wave 7,KAYOU,SEA
Temari,SR,NRSA-SR-014L2,NRSA,Smriti Chapter Jin English Series 2,Tier 4,Wave 7,KAYOU,SEA
Gaara,SR,NRSA-SR-015L2,NRSA,Smriti Chapter Jin English Series 2,Tier 4,Wave 7,KAYOU,SEA
Rock Lee,SR,NRSA-SR-016L2,NRSA,Smriti Chapter Jin English Series 2,Tier 4,Wave 7,KAYOU,SEA
Rock Lee,SR,NRSA-SR-017L2,NRSA,Smriti Chapter Jin English Series 2,Tier 4,Wave 7,KAYOU,SEA
Sakura Haruno,SR,NRSA-SR-018L2,NRSA,Smriti Chapter Jin English Series 2,Tier 4,Wave 7,KAYOU,SEA
Sakura Haruno,SR,NRSA-SR-019L2,NRSA,Smriti Chapter Jin English Series 2,Tier 4,Wave 7,KAYOU,SEA
Sasuke Uchiha,SR,NRSA-SR-020L2,NRSA,Smriti Chapter Jin English Series 2,Tier 4,Wave 7,KAYOU,SEA
Enter: Naruto Uzumaki! 1,R,NRSA-R-001L1,NRSA,Smriti Heaven Scroll English Series 1,Tier 4,Wave 6,KAYOU,SEA
Enter: Naruto Uzumaki! 2,R,NRSA-R-002L1,NRSA,Smriti Heaven Scroll English Series 1,Tier 4,Wave 6,KAYOU,SEA
Enter: Naruto Uzumaki! 3,R,NRSA-R-003L1,NRSA,Smriti Heaven Scroll English Series 1,Tier 4,Wave 6,KAYOU,SEA
Enter: Naruto Uzumaki! 4,R,NRSA-R-004L1,NRSA,Smriti Heaven Scroll English Series 1,Tier 4,Wave 6,KAYOU,SEA
Enter: Naruto Uzumaki! 5,R,NRSA-R-005L1,NRSA,Smriti Heaven Scroll English Series 1,Tier 4,Wave 6,KAYOU,SEA
You Failed! Kakashi's Final Decision 1,R,NRSA-R-006L1,NRSA,Smriti Heaven Scroll English Series 1,Tier 4,Wave 6,KAYOU,SEA
You Failed! Kakashi's Final Decision 2,R,NRSA-R-007L1,NRSA,Smriti Heaven Scroll English Series 1,Tier 4,Wave 6,KAYOU,SEA
You Failed! Kakashi's Final Decision 3,R,NRSA-R-008L1,NRSA,Smriti Heaven Scroll English Series 1,Tier 4,Wave 6,KAYOU,SEA
You Failed! Kakashi's Final Decision 4,R,NRSA-R-009L1,NRSA,Smriti Heaven Scroll English Series 1,Tier 4,Wave 6,KAYOU,SEA
You Failed! Kakashi's Final Decision 5,R,NRSA-R-010L1,NRSA,Smriti Heaven Scroll English Series 1,Tier 4,Wave 6,KAYOU,SEA
A Dangerous Mission! Journey to the Land of Waves! 1,R,NRSA-R-011L1,NRSA,Smriti Heaven Scroll English Series 1,Tier 4,Wave 6,KAYOU,SEA
A Dangerous Mission! Journey to the Land of Waves! 2,R,NRSA-R-012L1,NRSA,Smriti Heaven Scroll English Series 1,Tier 4,Wave 6,KAYOU,SEA
A Dangerous Mission! Journey to the Land of Waves! 3,R,NRSA-R-013L1,NRSA,Smriti Heaven Scroll English Series 1,Tier 4,Wave 6,KAYOU,SEA
A Dangerous Mission! Journey to the Land of Waves! 4,R,NRSA-R-014L1,NRSA,Smriti Heaven Scroll English Series 1,Tier 4,Wave 6,KAYOU,SEA
A Dangerous Mission! Journey to the Land of Waves! 5,R,NRSA-R-015L1,NRSA,Smriti Heaven Scroll English Series 1,Tier 4,Wave 6,KAYOU,SEA
The Assassin of the Mist! 1,R,NRSA-R-016L1,NRSA,Smriti Heaven Scroll English Series 1,Tier 4,Wave 6,KAYOU,SEA
The Assassin of the Mist! 2,R,NRSA-R-017L1,NRSA,Smriti Heaven Scroll English Series 1,Tier 4,Wave 6,KAYOU,SEA
The Assassin of the Mist! 3,R,NRSA-R-018L1,NRSA,Smriti Heaven Scroll English Series 1,Tier 4,Wave 6,KAYOU,SEA
The Assassin of the Mist! 4,R,NRSA-R-019L1,NRSA,Smriti Heaven Scroll English Series 1,Tier 4,Wave 6,KAYOU,SEA
The Assassin of the Mist! 5,R,NRSA-R-020L1,NRSA,Smriti Heaven Scroll English Series 1,Tier 4,Wave 6,KAYOU,SEA
The Oath of Pain 1,R,NRSA-R-021L1,NRSA,Smriti Heaven Scroll English Series 1,Tier 4,Wave 6,KAYOU,SEA
The Oath of Pain 2,R,NRSA-R-022L1,NRSA,Smriti Heaven Scroll English Series 1,Tier 4,Wave 6,KAYOU,SEA
The Oath of Pain 3,R,NRSA-R-023L1,NRSA,Smriti Heaven Scroll English Series 1,Tier 4,Wave 6,KAYOU,SEA
The Oath of Pain 4,R,NRSA-R-024L1,NRSA,Smriti Heaven Scroll English Series 1,Tier 4,Wave 6,KAYOU,SEA
The Oath of Pain 5,R,NRSA-R-025L1,NRSA,Smriti Heaven Scroll English Series 1,Tier 4,Wave 6,KAYOU,SEA
Kakashi: Sharingan Warrior 1,R,NRSA-R-026L1,NRSA,Smriti Heaven Scroll English Series 1,Tier 4,Wave 6,KAYOU,SEA
Kakashi: Sharingan Warrior 2,R,NRSA-R-027L1,NRSA,Smriti Heaven Scroll English Series 1,Tier 4,Wave 6,KAYOU,SEA
Kakashi: Sharingan Warrior 3,R,NRSA-R-028L1,NRSA,Smriti Heaven Scroll English Series 1,Tier 4,Wave 6,KAYOU,SEA
Kakashi: Sharingan Warrior 4,R,NRSA-R-029L1,NRSA,Smriti Heaven Scroll English Series 1,Tier 4,Wave 6,KAYOU,SEA
Kakashi: Sharingan Warrior 5,R,NRSA-R-030L1,NRSA,Smriti Heaven Scroll English Series 1,Tier 4,Wave 6,KAYOU,SEA
Battle on the Bridge! Zabuza Returns! 1,R,NRSA-R-031L1,NRSA,Smriti Heaven Scroll English Series 1,Tier 4,Wave 6,KAYOU,SEA
Battle on the Bridge! Zabuza Returns! 2,R,NRSA-R-032L1,NRSA,Smriti Heaven Scroll English Series 1,Tier 4,Wave 6,KAYOU,SEA
Battle on the Bridge! Zabuza Returns! 3,R,NRSA-R-033L1,NRSA,Smriti Heaven Scroll English Series 1,Tier 4,Wave 6,KAYOU,SEA
Battle on the Bridge! Zabuza Returns! 4,R,NRSA-R-034L1,NRSA,Smriti Heaven Scroll English Series 1,Tier 4,Wave 6,KAYOU,SEA
Battle on the Bridge! Zabuza Returns! 5,R,NRSA-R-035L1,NRSA,Smriti Heaven Scroll English Series 1,Tier 4,Wave 6,KAYOU,SEA
Haku's Secret Jutsu: Crystal Ice Mirrors 1,R,NRSA-R-036L1,NRSA,Smriti Heaven Scroll English Series 1,Tier 4,Wave 6,KAYOU,SEA
Haku's Secret Jutsu: Crystal Ice Mirrors 2,R,NRSA-R-037L1,NRSA,Smriti Heaven Scroll English Series 1,Tier 4,Wave 6,KAYOU,SEA
Haku's Secret Jutsu: Crystal Ice Mirrors 3,R,NRSA-R-038L1,NRSA,Smriti Heaven Scroll English Series 1,Tier 4,Wave 6,KAYOU,SEA
Haku's Secret Jutsu: Crystal Ice Mirrors 4,R,NRSA-R-039L1,NRSA,Smriti Heaven Scroll English Series 1,Tier 4,Wave 6,KAYOU,SEA
Haku's Secret Jutsu: Crystal Ice Mirrors 5,R,NRSA-R-040L1,NRSA,Smriti Heaven Scroll English Series 1,Tier 4,Wave 6,KAYOU,SEA
The Broken Seal 1,R,NRSA-R-041L1,NRSA,Smriti Heaven Scroll English Series 1,Tier 4,Wave 6,KAYOU,SEA
The Broken Seal 2,R,NRSA-R-042L1,NRSA,Smriti Heaven Scroll English Series 1,Tier 4,Wave 6,KAYOU,SEA
The Broken Seal 3,R,NRSA-R-043L1,NRSA,Smriti Heaven Scroll English Series 1,Tier 4,Wave 6,KAYOU,SEA
The Broken Seal 4,R,NRSA-R-044L1,NRSA,Smriti Heaven Scroll English Series 1,Tier 4,Wave 6,KAYOU,SEA
The Broken Seal 5,R,NRSA-R-045L1,NRSA,Smriti Heaven Scroll English Series 1,Tier 4,Wave 6,KAYOU,SEA
The Demon in the Snow 1,R,NRSA-R-046L1,NRSA,Smriti Heaven Scroll English Series 1,Tier 4,Wave 6,KAYOU,SEA
The Demon in the Snow 2,R,NRSA-R-047L1,NRSA,Smriti Heaven Scroll English Series 1,Tier 4,Wave 6,KAYOU,SEA
The Demon in the Snow 3,R,NRSA-R-048L1,NRSA,Smriti Heaven Scroll English Series 1,Tier 4,Wave 6,KAYOU,SEA
The Demon in the Snow 4,R,NRSA-R-049L1,NRSA,Smriti Heaven Scroll English Series 1,Tier 4,Wave 6,KAYOU,SEA
The Demon in the Snow 5,R,NRSA-R-050L1,NRSA,Smriti Heaven Scroll English Series 1,Tier 4,Wave 6,KAYOU,SEA
Chunin Challenge: Rock Lee vs. Sasuke! 1,R,NRSA-R-001L1,NRSA,Smriti Chapter Jin English Series 2,Tier 4,Wave 7,KAYOU,SEA
Chunin Challenge: Rock Lee vs. Sasuke! 2,R,NRSA-R-002L1,NRSA,Smriti Chapter Jin English Series 2,Tier 4,Wave 7,KAYOU,SEA
Chunin Challenge: Rock Lee vs. Sasuke! 3,R,NRSA-R-003L1,NRSA,Smriti Chapter Jin English Series 2,Tier 4,Wave 7,KAYOU,SEA
Chunin Challenge: Rock Lee vs. Sasuke! 4,R,NRSA-R-004L1,NRSA,Smriti Chapter Jin English Series 2,Tier 4,Wave 7,KAYOU,SEA
Chunin Challenge: Rock Lee vs. Sasuke! 5,R,NRSA-R-005L1,NRSA,Smriti Chapter Jin English Series 2,Tier 4,Wave 7,KAYOU,SEA
Start Your Engines: The Chunin Exam Begins! 1,R,NRSA-R-006L1,NRSA,Smriti Chapter Jin English Series 2,Tier 4,Wave 7,KAYOU,SEA
Start Your Engines: The Chunin Exam Begins! 2,R,NRSA-R-007L1,NRSA,Smriti Chapter Jin English Series 2,Tier 4,Wave 7,KAYOU,SEA
Start Your Engines: The Chunin Exam Begins! 3,R,NRSA-R-008L1,NRSA,Smriti Chapter Jin English Series 2,Tier 4,Wave 7,KAYOU,SEA
Start Your Engines: The Chunin Exam Begins! 4,R,NRSA-R-009L1,NRSA,Smriti Chapter Jin English Series 2,Tier 4,Wave 7,KAYOU,SEA
The Tenth Question: All or Nothing! 1,R,NRSA-R-010L1,NRSA,Smriti Chapter Jin English Series 2,Tier 4,Wave 7,KAYOU,SEA
The Tenth Question: All or Nothing! 2,R,NRSA-R-011L1,NRSA,Smriti Chapter Jin English Series 2,Tier 4,Wave 7,KAYOU,SEA
The Tenth Question: All or Nothing! 3,R,NRSA-R-012L1,NRSA,Smriti Chapter Jin English Series 2,Tier 4,Wave 7,KAYOU,SEA
The Tenth Question: All or Nothing! 4,R,NRSA-R-013L1,NRSA,Smriti Chapter Jin English Series 2,Tier 4,Wave 7,KAYOU,SEA
The Chunin Exam Stage 2: The Forest of Death 1,R,NRSA-R-014L1,NRSA,Smriti Chapter Jin English Series 2,Tier 4,Wave 7,KAYOU,SEA
The Chunin Exam Stage 2: The Forest of Death 2,R,NRSA-R-015L1,NRSA,Smriti Chapter Jin English Series 2,Tier 4,Wave 7,KAYOU,SEA
The Chunin Exam Stage 2: The Forest of Death 3,R,NRSA-R-016L1,NRSA,Smriti Chapter Jin English Series 2,Tier 4,Wave 7,KAYOU,SEA
The Chunin Exam Stage 2: The Forest of Death 4,R,NRSA-R-017L1,NRSA,Smriti Chapter Jin English Series 2,Tier 4,Wave 7,KAYOU,SEA
Naruto's Counterattack: Never Give In! 1,R,NRSA-R-018L1,NRSA,Smriti Chapter Jin English Series 2,Tier 4,Wave 7,KAYOU,SEA
Naruto's Counterattack: Never Give In! 2,R,NRSA-R-019L1,NRSA,Smriti Chapter Jin English Series 2,Tier 4,Wave 7,KAYOU,SEA
Bushy Brow's Pledge: Undying Love and Protection! 1,R,NRSA-R-020L1,NRSA,Smriti Chapter Jin English Series 2,Tier 4,Wave 7,KAYOU,SEA
Bushy Brow's Pledge: Undying Love and Protection! 2,R,NRSA-R-021L1,NRSA,Smriti Chapter Jin English Series 2,Tier 4,Wave 7,KAYOU,SEA
Bushy Brow's Pledge: Undying Love and Protection! 3,R,NRSA-R-022L1,NRSA,Smriti Chapter Jin English Series 2,Tier 4,Wave 7,KAYOU,SEA
Bushy Brow's Pledge: Undying Love and Protection! 4,R,NRSA-R-023L1,NRSA,Smriti Chapter Jin English Series 2,Tier 4,Wave 7,KAYOU,SEA
Sakura Blossoms! 1,R,NRSA-R-024L1,NRSA,Smriti Chapter Jin English Series 2,Tier 4,Wave 7,KAYOU,SEA
Sakura Blossoms! 2,R,NRSA-R-025L1,NRSA,Smriti Chapter Jin English Series 2,Tier 4,Wave 7,KAYOU,SEA
Sakura Blossoms! 3,R,NRSA-R-026L1,NRSA,Smriti Chapter Jin English Series 2,Tier 4,Wave 7,KAYOU,SEA
Battle Formation: Ino-Shika-Cho!! 1,R,NRSA-R-027L1,NRSA,Smriti Chapter Jin English Series 2,Tier 4,Wave 7,KAYOU,SEA
Battle Formation: Ino-Shika-Cho!! 2,R,NRSA-R-028L1,NRSA,Smriti Chapter Jin English Series 2,Tier 4,Wave 7,KAYOU,SEA
Battle Formation: Ino-Shika-Cho!! 3,R,NRSA-R-029L1,NRSA,Smriti Chapter Jin English Series 2,Tier 4,Wave 7,KAYOU,SEA
Battle Formation: Ino-Shika-Cho!! 4,R,NRSA-R-030L1,NRSA,Smriti Chapter Jin English Series 2,Tier 4,Wave 7,KAYOU,SEA
Battle Formation: Ino-Shika-Cho!! 5,R,NRSA-R-031L1,NRSA,Smriti Chapter Jin English Series 2,Tier 4,Wave 7,KAYOU,SEA
Battle Formation: Ino-Shika-Cho!! 6,R,NRSA-R-032L1,NRSA,Smriti Chapter Jin English Series 2,Tier 4,Wave 7,KAYOU,SEA
Battle Formation: Ino-Shika-Cho!! 7,R,NRSA-R-033L1,NRSA,Smriti Chapter Jin English Series 2,Tier 4,Wave 7,KAYOU,SEA
Battle Formation: Ino-Shika-Cho!! 8,R,NRSA-R-034L1,NRSA,Smriti Chapter Jin English Series 2,Tier 4,Wave 7,KAYOU,SEA
Battle Formation: Ino-Shika-Cho!! 9,R,NRSA-R-035L1,NRSA,Smriti Chapter Jin English Series 2,Tier 4,Wave 7,KAYOU,SEA
Clone vs. Clone: Mine are Better Than Yours! 1,R,NRSA-R-036L1,NRSA,Smriti Chapter Jin English Series 2,Tier 4,Wave 7,KAYOU,SEA
Clone vs. Clone: Mine are Better Than Yours! 2,R,NRSA-R-037L1,NRSA,Smriti Chapter Jin English Series 2,Tier 4,Wave 7,KAYOU,SEA
Clone vs. Clone: Mine are Better Than Yours! 3,R,NRSA-R-038L1,NRSA,Smriti Chapter Jin English Series 2,Tier 4,Wave 7,KAYOU,SEA
Clone vs. Clone: Mine are Better Than Yours! 4,R,NRSA-R-039L1,NRSA,Smriti Chapter Jin English Series 2,Tier 4,Wave 7,KAYOU,SEA
Bushy Brow's Jealousy: Lions Barrage Unleashed! 1,R,NRSA-R-040L1,NRSA,Smriti Chapter Jin English Series 2,Tier 4,Wave 7,KAYOU,SEA
Bushy Brow's Jealousy: Lions Barrage Unleashed! 2,R,NRSA-R-041L1,NRSA,Smriti Chapter Jin English Series 2,Tier 4,Wave 7,KAYOU,SEA
Bushy Brow's Jealousy: Lions Barrage Unleashed! 3,R,NRSA-R-042L1,NRSA,Smriti Chapter Jin English Series 2,Tier 4,Wave 7,KAYOU,SEA
Bushy Brow's Jealousy: Lions Barrage Unleashed! 4,R,NRSA-R-043L1,NRSA,Smriti Chapter Jin English Series 2,Tier 4,Wave 7,KAYOU,SEA
Kunoichi Rumble: The Rivals Get Serious! 1,R,NRSA-R-044L1,NRSA,Smriti Chapter Jin English Series 2,Tier 4,Wave 7,KAYOU,SEA
Kunoichi Rumble: The Rivals Get Serious! 2,R,NRSA-R-045L1,NRSA,Smriti Chapter Jin English Series 2,Tier 4,Wave 7,KAYOU,SEA
Akamaru Unleashed! Who's Top Dog Now? 1,R,NRSA-R-046L1,NRSA,Smriti Chapter Jin English Series 2,Tier 4,Wave 7,KAYOU,SEA
Akamaru Unleashed! Who's Top Dog Now? 2,R,NRSA-R-047L1,NRSA,Smriti Chapter Jin English Series 2,Tier 4,Wave 7,KAYOU,SEA
Akamaru Unleashed! Who's Top Dog Now? 3,R,NRSA-R-048L1,NRSA,Smriti Chapter Jin English Series 2,Tier 4,Wave 7,KAYOU,SEA
Akamaru Unleashed! Who's Top Dog Now? 4,R,NRSA-R-049L1,NRSA,Smriti Chapter Jin English Series 2,Tier 4,Wave 7,KAYOU,SEA
Akamaru Unleashed! Who's Top Dog Now? 5,R,NRSA-R-050L1,NRSA,Smriti Chapter Jin English Series 2,Tier 4,Wave 7,KAYOU,SEA
Konan,PR,NRSA-PR-001,Promo,Promo Card,,,KAYOU,
Naruto Uzumaki,PR,NRSA-PR-002,Promo,Promo Card,,,KAYOU,
Naruto Uzumaki,PR,NRSA-PR-003,Promo,Promo Card,,,KAYOU,
Naruto Uzumaki,PR,NRSA-PR-004,Promo,Promo Card,,,KAYOU,
Naruto Uzumaki,PR,NRSA-PR-005,Promo,Promo Card,,,KAYOU,
Kakashi Hatake,PR,NRSA-PR-006,Promo,Promo Card,,,KAYOU,